sample_id,audio_path,reference_phonemes,prediction,per
TRAIN/DR2/MRLR0/SA2,TIMIT_enhanced/full/TRAIN/DR2/MRLR0/SA2.WAV,h# d ow n ae s epi m iy dx ix kcl k eh r iy ih n q oy l iy r ae gcl g l ay kcl dh ae tcl t h#,don't ask ye to carry an only rag like that,1.0
TRAIN/DR4/MMDM0/SA2,TIMIT_enhanced/full/TRAIN/DR4/MMDM0/SA2.WAV,h# d ow nx ae s epi m iy dx ix kcl k ih r iy eh nx ao l iy r ae gcl g l ah kcl dh ae tcl h#,com asked me to carry on rag like that,1.0
TRAIN/DR2/MHRM0/SX328,TIMIT_enhanced/full/TRAIN/DR2/MHRM0/SX328.WAV,h# g r ih gcl g er iy ix n tcl t aa m tcl ch ow z tcl t ax-h w aa tcl ch kcl k aa r tcl t ux n z ix n dh iy ae f tcl t axr n ux n h#,gregory and tom chose to watch cartoons in the afternoon,1.0
TRAIN/DR4/MSMC0/SX17,TIMIT_enhanced/full/TRAIN/DR4/MSMC0/SX17.WAV,h# k aa r l ih v z ix n ax l ay v l iy hv ow m h#,karl lived in a lively home,1.0
TRAIN/DR4/FSAK0/SI1930,TIMIT_enhanced/full/TRAIN/DR4/FSAK0/SI1930.WAV,h# q axr r ae bcl b ih q pcl p ah n tcl ch r iy dcl d ah bcl b el dcl d hh ih m h#,a rabbit punch redoubled him,1.0
TRAIN/DR2/FLMA0/SI1243,TIMIT_enhanced/full/TRAIN/DR2/FLMA0/SI1243.WAV,h# ay dcl d iy ih z ah dh ax th r uw w ey tcl t ix n ow w eh er h#,ideas than threw way to nowhere,1.0
TRAIN/DR3/MWDK0/SX356,TIMIT_enhanced/full/TRAIN/DR3/MWDK0/SX356.WAV,h# d ay ae n m ey s pcl p l er dcl jh ix n bcl b ay ix tcl t er kcl k oy z n eh kcl k l ix s h#,dion explirted by a turkla's necklace,1.0
TEST/DR4/MPCS0/SI729,TIMIT_enhanced/full/TEST/DR4/MPCS0/SI729.WAV,h# b eh s tcl t pau s el ux sh ix n ih z tcl t ix f ay nx ax n eh r iy ax pau dh eh dx ih z pcl p axr dcl d aa m ax n q l iy s ah n l ay tcl axr sh ey dcl h#,best solution is to find an area that is predominantly son labershe,1.0
TEST/DR4/MJDM1/SA2,TIMIT_enhanced/full/TEST/DR4/MJDM1/SA2.WAV,h# d ax nx ae s kcl m ih dx ix kcl k eh r ih ix nx ow l r ae gcl l ay kcl dh ae tcl h#,and thatk me to carry him old rag like that,1.0
TRAIN/DR2/FSKL0/SI2159,TIMIT_enhanced/full/TRAIN/DR2/FSKL0/SI2159.WAV,h# hh axr f ey s iy m dcl t ix f l ow tcl ih nx ih n q ih m pcl p l aa z ix bcl b l iy bcl b r ay tcl t sh ae f tcl t ix v s ah n l ay tcl t h#,the faith beamed to float in implausably bright shaft of sunlight,1.0
TRAIN/DR3/MDNS0/SX111,TIMIT_enhanced/full/TRAIN/DR3/MDNS0/SX111.WAV,h# hh ih z s ah dcl en dcl d ix pcl p aa r tcl ch axr sh aa kcl t dh ix kcl k ae s tcl t h#,the sudden departure shocked the cask,1.0
TRAIN/DR3/MBEF0/SA1,TIMIT_enhanced/full/TRAIN/DR3/MBEF0/SA1.WAV,h# sh iy eh dcl y axr dcl d aa r kcl s ux dx ix ng gcl g r iy s iy w ao sh epi w ao dx axr ao l y ih axr h#,she had your dark food and greasy washwater all year,1.0
TRAIN/DR4/FBMJ0/SX336,TIMIT_enhanced/full/TRAIN/DR4/FBMJ0/SX336.WAV,h# r aa bcl b epi m ey dcl d hv ah eng gcl g eh r ih ix n gcl g uw l aa sh f ax dcl d ih nx er pau q ix ng gcl g ux s bcl b eh r ih pcl p ay f ao dcl d ix z er tcl t h#,rob made hungarian gulach for dinner and this very pie forded im,1.0
TRAIN/DR4/MKAM0/SX326,TIMIT_enhanced/full/TRAIN/DR4/MKAM0/SX326.WAV,h# s tcl t iy v kcl k ax l eh kcl k s epi r eh r q eh n aa l v kcl k oy n z h#,stave collects rare and novelical lines,1.0
TEST/DR3/MJJG0/SI2263,TIMIT_enhanced/full/TEST/DR3/MJJG0/SI2263.WAV,h# n ow bcl b ix dx iy eh l s sh uh dcl p l eh zh axr h#,nobody else should pleasure,1.0
TEST/DR5/MRWS1/SI1496,TIMIT_enhanced/full/TEST/DR5/MRWS1/SI1496.WAV,h# q ae f tcl t er dh ae tcl pau v ay l eh n s w ax z ix gcl g z ah l tcl t ix n t l ix iy z ix h#,after that violence was exultantly easy,1.0
TRAIN/DR4/MJSR0/SA1,TIMIT_enhanced/full/TRAIN/DR4/MJSR0/SA1.WAV,h# sh iy hv ae dcl y er n d aa r kcl k s ux tcl q ih n gcl g r iy s iy w ao sh epi w ao dx axr q ao l y ih axr h#,she had your dark suit in dreasy washwater all yeu,1.0
TRAIN/DR4/MSTF0/SX136,TIMIT_enhanced/full/TRAIN/DR4/MSTF0/SX136.WAV,h# s ay n tcl t ix f ix kcl p r aa gcl g r eh s kcl k ah m z f axr m dh ax dcl d ax v eh l ax q m ix n ax v n ux tcl t ax kcl n iy kcl k s h#,scientific progress comes from the development of detectnates,1.0
TEST/DR3/MTDT0/SX4,TIMIT_enhanced/full/TEST/DR3/MTDT0/SX4.WAV,h# jh ey n m ey q er n ix m ao r m ah nx iy bcl b ay w axr kcl k iy ng hv aa r dcl d h#,jane may earn more money by working hard,1.0
TEST/DR4/MTEB0/SX413,TIMIT_enhanced/full/TEST/DR4/MTEB0/SX413.WAV,h# d ae f epi n iy s epi w iy dcl d ix sh epi n iy dx el pcl p oy n tcl s kcl k aa r f epi m ae tcl ch tcl t axr s kcl k er tcl h#,deafeind through the fedle point far fommaster skirt,1.0
TRAIN/DR4/FSSB0/SA1,TIMIT_enhanced/full/TRAIN/DR4/FSSB0/SA1.WAV,h# sh ix hv ae dcl jh axr dcl d aa r kcl k s ux tcl t q eh ng gcl g r iy s iy w aa sh epi w aa dx er q aa l y ih axr h#,she had your dark foot and greasy wash water all year,1.0
TRAIN/DR3/MJDA0/SX401,TIMIT_enhanced/full/TRAIN/DR3/MJDA0/SX401.WAV,h# t ae kcl s ax-h kcl k ae bcl b r ow kcl d aw nx ax-h n kcl k ao z ax tcl t r ae f ax-h kcl jh ae m h#,taxi cab broke down and caused the traffic jam,1.0
TEST/DR4/MROA0/SI1970,TIMIT_enhanced/full/TEST/DR4/MROA0/SI1970.WAV,h# dh ix kcl k l ih l iy ix dcl d ih n ix f ay ax bcl b w q ix nx ix m iy kcl k en tcl t ih nx ux dcl d aa n eh z ix f n ow w ax n eh l s epi w er axr r aw n dcl h#,that clearly identifiable enemy kkatedanas if no one else were around,1.0
TEST/DR6/MESD0/SI1632,TIMIT_enhanced/full/TEST/DR6/MESD0/SI1632.WAV,h# f ah s f ah s pau q ow l dcl m ae n h#,fas fas boltmin,1.0
TRAIN/DR3/MAPV0/SI1293,TIMIT_enhanced/full/TRAIN/DR3/MAPV0/SI1293.WAV,h# dh iy z kcl k er z w axr dcl d ix r ay v dcl b ay q eh n ix n ae l ax s ix s ax v ix kcl k s tcl t eh n epi s ix v s kcl k ay w ey v m eh zh axr m ax n tcl d ey dx ax h#,these curves were derived by analysis of extensive skywad measurement nata,1.0
TEST/DR8/MAJC0/SI2095,TIMIT_enhanced/full/TEST/DR8/MAJC0/SI2095.WAV,h# m ay dcl d ae dcl d ih dx ih tcl en hv iy l ih v dcl t uw ax gcl g r ey dx ey dcl jh h#,my deat did it he theve too greate,1.0
TRAIN/DR4/FPAF0/SI2314,TIMIT_enhanced/full/TRAIN/DR4/FPAF0/SI2314.WAV,h# b ah dx eh v r iy bcl b ah dx iy kcl k aa l zh ix dcl jh ux n y axr h#,let everybody constitute,1.0
TEST/DR4/MDLS0/SA2,TIMIT_enhanced/full/TEST/DR4/MDLS0/SA2.WAV,h# d ow nx ae s kcl m iy dx ix kcl k eh r ih eh n oy l iy r ae gcl g l ay kcl dh ae tcl h#,don't ask me to carry olly rag like tht,1.0
TEST/DR8/MSLB0/SX293,TIMIT_enhanced/full/TEST/DR8/MSLB0/SX293.WAV,h# p l iy z tcl t ey kcl dh ih s dcl d er dx iy tcl t ey bcl b el kcl k l ao th tcl t ax dh ix kcl k l iy n axr z f ao r m iy h#,please take the sturdy table ploth to the queeners forme,1.0
TEST/DR1/MREB0/SA1,TIMIT_enhanced/full/TEST/DR1/MREB0/SA1.WAV,h# sh iy hh ae dcl jh axr dcl d aa r kcl k s ux tcl t pau q ix n gcl g r iy s iy w aa sh epi w ao dx er ao l y ih axr h#,she had your dark pursuit in grizzy washwater all year,1.0
TRAIN/DR3/MCDC0/SX122,TIMIT_enhanced/full/TRAIN/DR3/MCDC0/SX122.WAV,h# ix n s ay kcl k l ax pcl p iy dx iy ix s eh l dx ax m pcl p r ix z eh n tcl q ae nx ax dcl d ow dx el q eh v ax dx ix n tcl s h#,encyclopedious seldom present anidotal evidence,1.0
TRAIN/DR3/MSFV0/SA1,TIMIT_enhanced/full/TRAIN/DR3/MSFV0/SA1.WAV,h# sh iy hv ae dcl y axr dcl d aa r kcl k s ux tcl t ix n gcl g r iy s iy w ao sh epi w ao dx axr q ao l y ih axr h#,she had your dark suit in greasy washwater all year,1.0
TRAIN/DR4/MRGM0/SI1792,TIMIT_enhanced/full/TRAIN/DR4/MRGM0/SI1792.WAV,h# w ay dcl d ow n tcl dh ey tcl t eh l m iy th eh m s eh l v z q ix f ih tcl b aa dh ax z dh eh ax m h#,by don't they tell me you felt iit bobled them,1.0
TRAIN/DR3/FEME0/SA2,TIMIT_enhanced/full/TRAIN/DR3/FEME0/SA2.WAV,h# d ow n tcl q ae s kcl k m ix dx ix kcl k ih r iy q ix n oy l iy r ae gcl g l ay kcl k dh ae tcl h#,don't gasp me tho cury an army rag like that,1.0
TEST/DR7/MNLS0/SX133,TIMIT_enhanced/full/TEST/DR7/MNLS0/SX133.WAV,h# p iy tcl s er r iy ih z er kcl k en v iy n y ih n tcl f ao r ey kcl k w ih kcl k l ah n tcl ch h#,betarear eyre convenient for a quick lunch,1.0
TRAIN/DR2/FLMA0/SX433,TIMIT_enhanced/full/TRAIN/DR2/FLMA0/SX433.WAV,h# dh iy ow v axr w ey tcl ch aa r m axr kcl k uh dcl d s l ih pcl p oy z en ih n tcl t q eh nx iy w ax n z tcl t iy h#,the overweighed charmer could plit poisond and one  ta,1.0
TRAIN/DR4/FSAK0/SX220,TIMIT_enhanced/full/TRAIN/DR4/FSAK0/SX220.WAV,h# dh ix m ow s r iy s ix q dcl jh iy ix l aa dcl jh ix kcl k el s er v ey f aw n s ay z m ix kcl q ae kcl t ih v ih dx iy h#,the mouthrita geological ferbent found fivnal activity,1.0
TRAIN/DR4/MSTF0/SI766,TIMIT_enhanced/full/TRAIN/DR4/MSTF0/SI766.WAV,h# s eh dx ax s ay dcl t ax-h dcl d r ay th axr ax l iy h#,set aside to draw thoroughly,1.0
TEST/DR5/MAHH0/SX394,TIMIT_enhanced/full/TEST/DR5/MAHH0/SX394.WAV,h# k ae l s iy ax m ey kcl k s bcl b ow n z q ix n tcl t iy sh s tcl t r ao ng h#,cawfium makes bones and tea strong,1.0
TEST/DR5/MRWS1/SX410,TIMIT_enhanced/full/TEST/DR5/MRWS1/SX410.WAV,h# g r eh gcl b ay z f r eh sh epi m ih l kcl k iy tcl ch epi w iy kcl d ey m ao r n ix ng h#,bregg bys fresh milkeach we cam orning,1.0
TEST/DR5/MDWK0/SA1,TIMIT_enhanced/full/TEST/DR5/MDWK0/SA1.WAV,h# sh iy hv eh dcl jh axr dcl d aa r kcl k s ux q en gcl g r iy s ix w ao sh epi w ao dx axr ao l y ih axr h#,she had your dark suit grasy wash water all year,1.0
TRAIN/DR4/FCAG0/SX333,TIMIT_enhanced/full/TRAIN/DR4/FCAG0/SX333.WAV,h# eh n ih dcl d ah l tcl m ey l bcl b ae bcl b uw n z tcl t iy th q aa r n aa q s ux dx ix bcl b el f axr q iy dx ix ng sh eh l f ih sh h#,and the dult mail babon tate are not fooble for eating shellfish,1.0
TEST/DR8/FMLD0/SX25,TIMIT_enhanced/full/TEST/DR8/FMLD0/SX25.WAV,h# ow n l ih l oy er z l ah v m ih y ix n ix r s h#,onla the laters fnot e thin inais,1.0
TEST/DR4/FLBW0/SI1849,TIMIT_enhanced/full/TEST/DR4/FLBW0/SI1849.WAV,h# hh iy r ix m eh m bcl b axr dcl dh eh m w eh l f r ax m ix z hh ae pcl p iy pcl p ih r iy ix dcl d h#,he remembered them well from the pappy furd,1.0
TEST/DR4/MGMM0/SI1129,TIMIT_enhanced/full/TEST/DR4/MGMM0/SI1129.WAV,h# dh ih s gcl g r ux pcl p ih s eh kcl k y ix l er ih s tcl t q ix n dh eh r pcl p r ow gcl r eh m tcl t eh n z tcl t ix bcl b iy tcl t eh kcl n ax l aa dcl jh ix kcl k el h#,descruptiv  secumrist in the pergramtens to be technlogical,1.0
TEST/DR4/FLKD0/SX109,TIMIT_enhanced/full/TEST/DR4/FLKD0/SX109.WAV,h# sh iy s l ih pcl t ix n s pcl p r ey n dcl d er q ae n kcl k el ao n dh ix s tcl t iy pcl p s epi l ow pcl h#,she slipped and find her ankle on the feet floor,1.0
TRAIN/DR2/FDNC0/SX18,TIMIT_enhanced/full/TRAIN/DR2/FDNC0/SX18.WAV,h# q ae l ax m ow n iy hv aa r m z q ah dcl d ix v ao r s tcl t m ae n z epi w eh l th h#,alemony harms a divorced man's wealth,1.0
TEST/DR4/FCRH0/SX188,TIMIT_enhanced/full/TEST/DR4/FCRH0/SX188.WAV,h# hh uw q ao th axr r ay z pau dh iy ah n l ih m ix tcl t ix dcl q ix kcl k s pcl eh n tcl s ax kcl k aw n tcl h#,who ought the rong young man mathitecou,1.0
TEST/DR5/FCAL1/SX143,TIMIT_enhanced/full/TEST/DR5/FCAL1/SX143.WAV,h# dh ix s aw n d uh v dcl jh ih nx ih f axr z bcl b y ux gcl g el s kcl k eh er dcl dh ah q ae nx el ow pcl h#,the sound of jeneperd bugle ar that ye alon,1.0
TRAIN/DR4/MGAG0/SA1,TIMIT_enhanced/full/TRAIN/DR4/MGAG0/SA1.WAV,h# sh iy hv ae dcl y axr dcl d aa r kcl s ux dx ix ng g r iy s iy w ao r sh epi w ao dx axr q ao l y ih axr h#,she had te dark suit an greasy warshwater all yeur,1.0
TRAIN/DR4/FBMJ0/SA1,TIMIT_enhanced/full/TRAIN/DR4/FBMJ0/SA1.WAV,h# sh iy hv ae dcl d q y ao r dcl d aa r kcl k s ux tcl t q ih eng g r iy z iy w ao sh epi w ao dx er epi ao l y ih er h#,she had your dark suit in greedy wash water all year,1.0
TRAIN/DR3/MTJM0/SA2,TIMIT_enhanced/full/TRAIN/DR3/MTJM0/SA2.WAV,h# d ow nx ae s kcl m iy dx ix kcl k eh r iy ix n oy l iy r ae gcl l ay kcl dh ae tcl h#,don't ask me to carry him i only rag like that,1.0
TRAIN/DR2/FSKL0/SA1,TIMIT_enhanced/full/TRAIN/DR2/FSKL0/SA1.WAV,h# sh iy eh dcl jh er dcl d aa r kcl k s ux tcl en gcl g r iy s iy w aa sh epi w ao dx er q ao l y ih er h#,she had your dark sut and greasy wash waner all year,1.0
TEST/DR4/FCFT0/SA1,TIMIT_enhanced/full/TEST/DR4/FCFT0/SA1.WAV,h# sh iy hv ae dcl d y er dcl d aa r kcl k s ux dx ix n gcl g r iy s iy w aa sh w ao dx er ao l y ih er h#,she had your dark seed and greasy wash water over year,1.0
TRAIN/DR3/MJLG1/SI2272,TIMIT_enhanced/full/TRAIN/DR3/MJLG1/SI2272.WAV,h# p axr hv ae pcl s epi w ah n bcl b ao r dcl hv ow l z ix n dh ix s tcl t ow n pau w ax th s ah m kcl k ay nx ix v en ax l eh kcl t r ix kcl g ae dcl jh ix tcl t h#,perhaps one board holds in the stone with some kind of an electric gaget,1.0
TEST/DR4/FCFT0/SI1808,TIMIT_enhanced/full/TEST/DR4/FCFT0/SI1808.WAV,h# dh ey w eh n tcl d aw n s tcl t eh er z l ow dx ix dcl d ax tcl t r ey l ae v ix sh l iy h#,they went out fare fo the traiy lanishment,1.0
TEST/DR2/MJAR0/SX278,TIMIT_enhanced/full/TEST/DR2/MJAR0/SX278.WAV,h# t ix f er dh er hv ih z pcl p r ix s tcl t iy dcl jh pau hh iy ix kcl k ey zh en el iy r iy dcl z ax w ao l s tcl t r iy tcl jh er nx el h#,to further his prestige he occasionally eached vallstreet journal,1.0
TEST/DR2/MTAS1/SX388,TIMIT_enhanced/full/TEST/DR2/MTAS1/SX388.WAV,h# hh axr r ay tcl hh ae n dcl d pau ey kcl k s pau w ix nx eh v axr dh ax bcl b eh r ix m eh tcl t axr kcl p r eh sh axr tcl ch ey n dcl jh ix z h#,her right hand egghs wenevver the barabetic pressure changes,1.0
TEST/DR7/FISB0/SX319,TIMIT_enhanced/full/TEST/DR7/FISB0/SX319.WAV,h# q ey bcl b ih gcl g ow tcl t pau q ay dcl d l iy q ae m bcl b el dcl d ax th r ux dh ah f aa r m y aa r dcl d ax h#,a big goat idly ambled through the farmyard,1.0
TRAIN/DR4/MAEB0/SX450,TIMIT_enhanced/full/TRAIN/DR4/MAEB0/SX450.WAV,h# r oy ih gcl n ao r dcl dh ix s pcl p er iy ih s dcl d ey dx ix pcl p oy s ix n dcl d r ao ix ng dh ix gcl g r ae f h#,roignored the speriof stay apase and drawing the grap,1.0
TEST/DR6/MRJR0/SX192,TIMIT_enhanced/full/TEST/DR6/MRJR0/SX192.WAV,h# s tcl t r ao hh ae tcl t s q aa r q aw dx ah f ae sh en dh ih s y ih r h#,straw hats are out of fashion this year,1.0
TRAIN/DR3/MWDK0/SA2,TIMIT_enhanced/full/TRAIN/DR3/MWDK0/SA2.WAV,h# d ow n ae s kcl m ix dx ix kcl k eh r iy ix n oy l ix r ae gcl g l ay kcl dh ae tcl h#,don't ask me to carry you milly ragli,1.0
TEST/DR4/MJDM1/SA1,TIMIT_enhanced/full/TEST/DR4/MJDM1/SA1.WAV,h# sh iy hv ae dcl y axr dcl d aa r kcl k s ux q en gcl g r iy s ix w aa sh epi w ao dx axr ao l y iy axr h#,she had your dark soup greasy washwater all you,1.0
TEST/DR5/MBPM0/SX137,TIMIT_enhanced/full/TEST/DR5/MBPM0/SX137.WAV,h# t r ix dcl d ih sh ix n r er kcl k w aa axr z epi f axr eh nx el ah pcl p r ux v el f r ax q ah n dcl d axr ey dcl jh epi m ae r ix dcl jh h#,tradition requires parenal approval for under age marriage,1.0
TRAIN/DR3/MRWA0/SX253,TIMIT_enhanced/full/TRAIN/DR3/MRWA0/SX253.WAV,h# b ay q iy dx iy ng y ow gcl er q y ix m ey l ih v l ao ng gcl g axr h#,but iidn't go gedy men lev long,1.0
TRAIN/DR3/MRDS0/SI1167,TIMIT_enhanced/full/TRAIN/DR3/MRDS0/SI1167.WAV,h# w iy eh v n ah dh ih ng d ix hv ay dx ah n d er ax bcl b uh sh el h#,we have nothing to hide under a bushel,1.0
TEST/DR3/MMWH0/SX9,TIMIT_enhanced/full/TEST/DR3/MMWH0/SX9.WAV,h# w eh r w axr y ux w aa l w iy w er ax w ey h#,where wile you lawley ron away,1.0
TEST/DR6/MCMJ0/SX194,TIMIT_enhanced/full/TEST/DR6/MCMJ0/SX194.WAV,h# dh ey ix n dcl jh oy ih q w eh n ay ao dcl d ih sh ix n h#,they enjoy it on my rators,1.0
TRAIN/DR3/FSJW0/SX73,TIMIT_enhanced/full/TRAIN/DR3/FSJW0/SX73.WAV,h# k l ih f s dcl d ix s pcl p l ey w ax z epi m ix s pcl p l ey s tcl t ao n s kcl k r iy n h#,cliff is play with miss place on the screen,1.0
TRAIN/DR4/MMBS0/SX161,TIMIT_enhanced/full/TRAIN/DR4/MMBS0/SX161.WAV,h# q ae z ax pcl p r iy kcl k ao sh ix n dh ix aw q l ao z bcl b ao tcl t gcl g ah n pcl p aw dcl d er f axr dh eh r s tcl t r ao ng hv ow l dcl d h#,as a precaution the outlaws bought gunpowder for their stronghold,1.0
TRAIN/DR4/MARW0/SX376,TIMIT_enhanced/full/TRAIN/DR4/MARW0/SX376.WAV,h# w ih m ax n m ey n eh v axr bcl b ix kcl k ah m kcl k em pcl p l iy q l iy kcl k w el dx ax m eh n h#,wemen i never pegon completely ro the mion,1.0
TRAIN/DR3/MTKP0/SA1,TIMIT_enhanced/full/TRAIN/DR3/MTKP0/SA1.WAV,h# sh ih ae dcl jh axr dcl d ah r kcl k s ux dx ih n gcl g r iy s ix w aa sh epi w aa dx axr aa l y ih axr h#,she had your dark suit and greasy wash water all here,1.0
TRAIN/DR4/FSAK0/SX310,TIMIT_enhanced/full/TRAIN/DR4/FSAK0/SX310.WAV,h# dh ix hv uh dx ix dh ix dcl jh iy pcl p w ax s tcl t iy m iy ng ih n dh ax hv aa tcl s ah n h#,the head of the jeep was steaming in the hot thawn,1.0
TEST/DR5/MRRK0/SX28,TIMIT_enhanced/full/TEST/DR5/MRRK0/SX28.WAV,h# b eh gcl dh eh tcl g aa r dcl f er w ah n gcl g ae l ax nx ax v gcl g ae s h#,beg that guard for one gown and gass,1.0
TEST/DR7/FCAU0/SI1037,TIMIT_enhanced/full/TEST/DR7/FCAU0/SI1037.WAV,h# dh ix r iy v ay z dcl p r ix s iy dcl jh axr w ah z ix kcl k l ey m dcl d q eh z ix l ao ng q ow v axr dcl d ux r ix f ao r m h#,the revised prosedue was acclaimed as a long overduly form,1.0
TRAIN/DR4/MESG0/SI1332,TIMIT_enhanced/full/TRAIN/DR4/MESG0/SI1332.WAV,h# th ay r oy dcl d f ah ng kcl k sh ix n tcl t eh s tcl y iy l dcl ix dcl n ao r m el r ix z uh l tcl t s h#,fivroid function tests yielded normal results,1.0
TRAIN/DR4/MCDR0/SI1154,TIMIT_enhanced/full/TRAIN/DR4/MCDR0/SI1154.WAV,h# q ow n l ih q ix ng kcl k em pcl p l iy tcl pau q ih m pcl p er f ix kcl k th ih ng z epi m ux v tcl t ao axr dcl z epi w ah tcl dh ey l ae kcl k h#,only incomplete imperfect things moved towards what they lack,1.0
TEST/DR8/MSLB0/SI1823,TIMIT_enhanced/full/TEST/DR8/MSLB0/SI1823.WAV,h# s aa n ix kcl k ax l eh kcl k tcl t r aa nx ix kcl g ae l v ae nx ix kcl k pau ao l bcl b l ae ng kcl k h#,sonic electronic galvanic alklike,1.0
TEST/DR2/MMDM2/SX12,TIMIT_enhanced/full/TEST/DR2/MMDM2/SX12.WAV,h# w el r aa bcl ix n w er ix y eh l ow l ih l iy h#,will robin werr a yellow lily,1.0
TRAIN/DR3/MJRH1/SI514,TIMIT_enhanced/full/TRAIN/DR3/MJRH1/SI514.WAV,h# y axr f r ey dcl t ax-h tcl t ao kcl t ux ix gcl g ay y ux ay dx ax l ay epi z h#,you're afraid to talk to a guy you idolize,1.0
TEST/DR2/FSLB1/SX374,TIMIT_enhanced/full/TEST/DR2/FSLB1/SX374.WAV,h# jh aa n kcl k l iy n dcl d sh eh l f ih sh f ao r ax l ih v ix ng h#,john pleas shelfish for a living,1.0
TEST/DR2/MPGL0/SA2,TIMIT_enhanced/full/TEST/DR2/MPGL0/SA2.WAV,h# d ow nx ae s kcl m iy tcl t ux kcl k eh r ih q ix n q oy l ih r ey gcl l ay kcl dh ae tcl h#,don't ask me to carry an oarderly rag like that,1.0
TRAIN/DR4/MGJC0/SX435,TIMIT_enhanced/full/TRAIN/DR4/MGJC0/SX435.WAV,h# dh ix r ih tcl ch uh dx ih n v eh s tcl t ih n bcl b l ae kcl s er kcl k aa n z ix n s tcl t eh dx ix v s tcl t ay l ih sh ux z h#,the rich and inbest in black sirkons in ted ostalish shoes,1.0
TRAIN/DR3/FEME0/SX65,TIMIT_enhanced/full/TRAIN/DR3/FEME0/SX65.WAV,h# ch ae l ax n dcl jh pau q iy tcl ch dcl jh eh nx axr el z ix n tcl t eh l ax dcl jh ax n s h#,challenge each general's intelligence,1.0
TRAIN/DR4/MPEB0/SI1860,TIMIT_enhanced/full/TRAIN/DR4/MPEB0/SI1860.WAV,h# w axr n aa tcl d r ah ng kcl k axr dcl s pau sh iy s eh dcl h#,were not drop im he thought,1.0
TRAIN/DR3/MMEB0/SX327,TIMIT_enhanced/full/TRAIN/DR3/MMEB0/SX327.WAV,h# q aw w iy s iy v dcl d ix dcl jh oy n q ax pcl p oy n q m ix n ix n iy bcl b ay aa l ax dcl jh iy q eh n dh iy eh n dcl jh ix n er ix ng dcl d ix pcl p aa r q m ix n tcl s h#,owll he that doint the plaent and a biolity and hincuate departments,1.0
TRAIN/DR3/MSFV0/SI632,TIMIT_enhanced/full/TRAIN/DR3/MSFV0/SI632.WAV,h# dh iy q ao r kcl k ix s tcl t r ah w ah z q aa bcl v iy ix s epi l iy q ao n ix tcl t s epi m eh dx el pau q ix nx ix q p l ey dcl m ow s tcl t r ax s pcl p aa n s ax v l iy h#,the orchestra was obviously on its metal and it played most responsively,1.0
TRAIN/DR4/MRSP0/SX169,TIMIT_enhanced/full/TRAIN/DR4/MRSP0/SX169.WAV,h# hh aw w uh dcl jh uw iy v ae l y uw ey tcl d ix s ae l dcl jh axr bcl b r eh kcl k ix kcl k s pcl p r eh sh ix n h#,how would you evaluate to salubrac expression,1.0
TEST/DR4/MDRM0/SX383,TIMIT_enhanced/full/TEST/DR4/MDRM0/SX383.WAV,h# dh iy kcl k aa r pcl p ix tcl k l iy n axr sh ae m pcl p ux dx eh r ao r iy eh nx ax l r ah gcl h#,the carpet clainer campied our oriental road,1.0
TEST/DR3/MBDG0/SI833,TIMIT_enhanced/full/TEST/DR3/MBDG0/SI833.WAV,h# l eh s pcl p er s ax n el s ey l z epi m ix n sh ih pcl h#,less personal failsmanship,1.0
TEST/DR4/MKCL0/SX281,TIMIT_enhanced/full/TEST/DR4/MKCL0/SX281.WAV,h# k ao r iy ih n dcl t r ih sh pcl p l ey dcl t ae gcl w ax th bcl b iy tcl ch bcl b ao l z f axr aw axr z h#,cory and trich played tag with beech balls for hours,1.0
TRAIN/DR2/FPJF0/SA2,TIMIT_enhanced/full/TRAIN/DR2/FPJF0/SA2.WAV,h# d ow n q ae s kcl m ih dx ix kcl k eh r iy eh n oy l ix r ae gcl g l ay kcl k dh ae tcl h#,don't ask me to carry iu  relley ragg,1.0
TEST/DR8/MJTH0/SI1926,TIMIT_enhanced/full/TEST/DR8/MJTH0/SI1926.WAV,h# w ay s ih ng gcl g el m iy aw tcl q ao n dh ax s pcl p er m ih tcl d iy l h#,why think on the out of his permidial,1.0
TEST/DR5/MDWK0/SI2170,TIMIT_enhanced/full/TEST/DR5/MDWK0/SI2170.WAV,h# hh ix z dcl d aa r kcl b r aw z epi w ix tcl ch eh dcl b ix n l ow axr dx ih n ae ng gcl g axr pau s epi m ux dh dcl d h#,his dark brows which had been lowered an anger smoothed,1.0
TRAIN/DR2/FCAJ0/SX129,TIMIT_enhanced/full/TRAIN/DR2/FCAJ0/SX129.WAV,h# q ae n gcl g ao axr kcl k ae tcl s axr f er iy axr dh ix n s ay ix m iy z h#,and gora cat ar further than fine ned,1.0
TRAIN/DR3/FCKE0/SX211,TIMIT_enhanced/full/TRAIN/DR3/FCKE0/SX211.WAV,h# ow n l ix dh ix bcl b eh s tcl p l ey er z ix n dcl jh oy pcl p aa pcl p y ix l eh er tcl t iy h#,only the best pleasures an do rou popularity,1.0
TEST/DR7/MKDR0/SI1273,TIMIT_enhanced/full/TEST/DR7/MKDR0/SI1273.WAV,h# s ax-h l eh kcl t ix dcl b ix bcl b l iy aa gcl g axr f iy z q ix n tcl t ey bcl b el z ax v ax v ey l bcl b el dcl d ey dx ax q axr n aw ax n pcl p axr pcl p axr ey sh en h#,selected the biographies or tables of available data are norn preparation,1.0
TRAIN/DR3/MRTJ0/SX52,TIMIT_enhanced/full/TRAIN/DR3/MRTJ0/SX52.WAV,h# hh axr kcl k l ae s ix kcl k ax l pcl p axr f ao r m ix n s gcl g ey n dcl d pau k r ih dx ix kcl k ax l pau ax kcl k l ey m h#,her classical performance gained critical playin,1.0
TEST/DR7/MRCS0/SX413,TIMIT_enhanced/full/TEST/DR7/MRCS0/SX413.WAV,h# d ae f epi n iy s epi w iy dx ix sh epi n iy dx el pcl p oy n tcl s kcl k aa r f epi m ae tcl ch tcl t hh axr s kcl k er tcl t h#,daphney's switdysh needle point scarf matched her skirt,1.0
TEST/DR7/MNLS0/SI1610,TIMIT_enhanced/full/TEST/DR7/MNLS0/SI1610.WAV,h# f er ah n q ih n s tcl t en tcl dh iy ow l dcl d ae n tcl f eh l tcl s ah m th iy ng ih n dcl d iy f ay nx ax bcl b el f l ae sh th r uw hv axr s epi m ay l h#,for an instant the old aunt felt something indefinable flash through her smile,1.0
TEST/DR6/MCMJ0/SX14,TIMIT_enhanced/full/TEST/DR6/MCMJ0/SX14.WAV,h# b ax-h f ao r th er z dcl d ey z ix gcl g z ae m r ix v y uw q eh v r ix f ao r m y ix l ax h#,before  thers there's examine review every formula,1.0
TEST/DR3/MTHC0/SA1,TIMIT_enhanced/full/TEST/DR3/MTHC0/SA1.WAV,h# sh iy hv ae dcl jh axr dcl d aa r kcl k s uw tcl t ix n gcl g r iy s ix w ah sh epi w ao dx axr hh ao l y ih axr h#,she had your dark suit in greasy washwater all year,1.0
TRAIN/DR3/FALK0/SA1,TIMIT_enhanced/full/TRAIN/DR3/FALK0/SA1.WAV,h# sh iy hv eh dcl d y er dcl d aa r kcl k s ux tcl q ix n gcl g r iy z iy w ao sh epi w ao dx er q ao l y ih er h#,she med your dark suit in greevy washwater all year,1.0
TEST/DR4/FLKD0/SX289,TIMIT_enhanced/full/TEST/DR4/FLKD0/SX289.WAV,h# w eh dh er pcl p r ux f gcl g ax l aa sh ix z axr v er iy y ux s f el ih n s iy ae dx el h#,weather prof galoshes are very useful an seattle,1.0
TEST/DR2/MPDF0/SI2172,TIMIT_enhanced/full/TEST/DR2/MPDF0/SI2172.WAV,h# s tcl t r eh ng gcl th bcl b iy gcl g ae n tcl t ix z ih pcl p q ah pcl p ix n dcl d aw n hv ix z tcl ch eh s tcl t h#,strength began to zip up and down his chest,1.0
TEST/DR3/MHPG0/SX10,TIMIT_enhanced/full/TEST/DR3/MHPG0/SX10.WAV,h# aa r y er gcl g r ey dcl z hh ay er q axr l ow er dh ix n ae n s iy z h#,are you great higher or lower than ainty,1.0
TRAIN/DR3/FDFB0/SX148,TIMIT_enhanced/full/TRAIN/DR3/FDFB0/SX148.WAV,h# m ah s pcl p r iy s ih ng k s hh ae dx uh th er dx ax dh ax v ow tcl t s kcl k ae l ax v h#,must prethank that a third of the boath town,1.0
TRAIN/DR4/MSMC0/SX197,TIMIT_enhanced/full/TRAIN/DR4/MSMC0/SX197.WAV,h# d r ao iy tcl ch gcl g r ae f ao n ix n uw ae kcl k s ix s h#,draw each grap on the new axes,1.0
TEST/DR3/MTDT0/SI994,TIMIT_enhanced/full/TEST/DR3/MTDT0/SI994.WAV,h# hh er s tcl t ah dx iy ih v hh ih s tcl t axr r iy w ah z pcl p axr s ih s tcl t ax n q l iy pcl p axr s ux dcl d h#,her study of history was persistently pursued,1.0
TEST/DR4/MBNS0/SX140,TIMIT_enhanced/full/TEST/DR4/MBNS0/SX140.WAV,h# q eh gcl g axr kcl k ah l tcl ch axr el pcl p r aa dx ah kcl s aa r q ah n iy v ax n l iy dcl d ix s tcl t r ih bcl b ix tcl t ix dcl h#,agricultural products are unevenly distributed,1.0
TEST/DR5/FGMD0/SX233,TIMIT_enhanced/full/TEST/DR5/FGMD0/SX233.WAV,h# hh ay w ey en f r iy w ey m iy n ix s ey m th ih ng h#,i wen trogh readming the same thing,1.0
TRAIN/DR4/MGXP0/SX7,TIMIT_enhanced/full/TRAIN/DR4/MGXP0/SX7.WAV,h# n ah tcl th ix n ih z ae z pau ax f eh n s ix v pau eh z q ih n ax s en s h#,nothing is as offensive as innesut,1.0
TRAIN/DR4/MGRP0/SX417,TIMIT_enhanced/full/TRAIN/DR4/MGRP0/SX417.WAV,h# v ae l ih l aa dcl jh y ih r l ih s eh l ax bcl r ey tcl s dh ax f er s tcl k ae f bcl b ao r n h#,valley lodge yore an the celebrates the first calf bor,1.0
TEST/DR6/MPAM1/SA2,TIMIT_enhanced/full/TEST/DR6/MPAM1/SA2.WAV,h# d ow nx ae s epi m iy dx ix kcl k eh r iy ix n oy l iy r ae gcl g l ay kcl k th ae tcl h#,not ask me to carry on othe rag like that,1.0
TEST/DR3/MWJG0/SX314,TIMIT_enhanced/full/TEST/DR3/MWJG0/SX314.WAV,h# ih f pcl p iy pcl p el w er m ao r dcl jh eh nx axr ah s pau dh eh r w uh dcl b iy n ow n iy dcl d f axr w eh l f eh r h#,if people were more generous there would be no need for welfare,1.0
TEST/DR6/FDRW0/SI1423,TIMIT_enhanced/full/TEST/DR6/FDRW0/SI1423.WAV,h# ax-h bcl b aw tcl d ao n hv iy gcl g aa dx ah pcl t ix bcl b l ow h#,about dawn he got up to blow,1.0
TRAIN/DR4/FLHD0/SI1344,TIMIT_enhanced/full/TRAIN/DR4/FLHD0/SI1344.WAV,h# ix kcl k s pcl p er ih m ih n tcl w ix th aw dx ix f ih kcl k s tcl n ah m bcl b er ax v tcl t r ay l z h#,experiment without a fixed number of drawls,1.0
TEST/DR4/FMAF0/SX19,TIMIT_enhanced/full/TEST/DR4/FMAF0/SX19.WAV,h# q ax l uh m ax nx ih m s ih l v axr w eh axr kcl k ix n q ao f ix n bcl b iy f l ih m z iy h#,a lomanum silverware can often be formsy,1.0
TEST/DR7/MDLF0/SA2,TIMIT_enhanced/full/TEST/DR7/MDLF0/SA2.WAV,h# d ow nx ae s kcl m iy dx ix kcl k eh r iy ix nx oy l iy r ae gcl g l ay kcl k dh ae tcl h#,don't ask me to carry in il  the ragmik men,1.0
TRAIN/DR4/MJDC0/SX441,TIMIT_enhanced/full/TRAIN/DR4/MJDC0/SX441.WAV,h# d ow n l uh kcl f axr gcl g r ux pcl v ae y ix bcl el z ix nx ax bcl b ae ng kcl v ao l tcl h#,don't look fto greet bame on e the bank monk,1.0
TEST/DR8/MRES0/SI1217,TIMIT_enhanced/full/TEST/DR8/MRES0/SI1217.WAV,h# ow n l iy dh ow s tcl t ao r iy tcl t eh l er z epi w el r iy m ey n pau hh ux kcl k ix n q ih m ix tcl t ey tcl dh ix s tcl t ay l ax dh ax v axr tcl ch ux ax s h#,only those story tellers will remain who can imitate the style of the virtuous,1.0
TEST/DR1/MDAB0/SA2,TIMIT_enhanced/full/TEST/DR1/MDAB0/SA2.WAV,h# d ow nx ae s kcl m ix dx ih kcl k eh r ix en q oy l iy r ae gcl g l ay kcl dh ae tcl t h#,don't left me to carry only your hag like that,1.0
TRAIN/DR3/MGAF0/SX202,TIMIT_enhanced/full/TRAIN/DR3/MGAF0/SX202.WAV,h# hh aw m ah tcl ch ax l aw ax n s dcl d ux y ux gcl g eh tcl t h#,av a glant foyu,1.0
TRAIN/DR4/FJWB1/SI795,TIMIT_enhanced/full/TRAIN/DR4/FJWB1/SI795.WAV,h# hh w ih n sh eh dcl dh ey l iy v r ah s tcl t w aa r kcl k s h#,whence here they leave rustwark,1.0
TRAIN/DR3/MGAF0/SX112,TIMIT_enhanced/full/TRAIN/DR3/MGAF0/SX112.WAV,h# t ah gcl b ow tcl t s axr kcl k ey pcl p ax bcl b el ax v hh ao l ix ng hv y ux zh l ow dcl d z h#,tut bouts are capable of halm huse loads,1.0
TRAIN/DR3/MHJB0/SI1017,TIMIT_enhanced/full/TRAIN/DR3/MHJB0/SI1017.WAV,h# t uw hv ow l dcl em ih n ix kcl k aa m pcl p ae kcl m ae s epi w ax z kcl k l ow s hh er dcl en h#,to hold hem an a compact mass was closer,1.0
TRAIN/DR2/MJHI0/SI555,TIMIT_enhanced/full/TRAIN/DR2/MJHI0/SI555.WAV,h# q ow n l iy q ih n dcl jh ih n uw ax tcl t iy w el ah n kcl k ah v axr ix tcl h#,only ingenulity will uncover it,1.0
TRAIN/DR4/FDKN0/SA2,TIMIT_enhanced/full/TRAIN/DR4/FDKN0/SA2.WAV,h# d ow n q ae s kcl m iy tcl t ix kcl k eh r ih ix n q oy l iy r ae gcl g l ay kcl dh ae tcl t h#,don't aft him to curing oily rag like that,1.0
TRAIN/DR4/MSMS0/SX83,TIMIT_enhanced/full/TRAIN/DR4/MSMS0/SX83.WAV,h# m ay en s tcl t r ah kcl sh ix n z dcl d eh s pcl p axr q l ix n iy dcl q ah pcl d ey dx eng h#,my obstruction desperately made up then,1.0
TEST/DR3/MJVW0/SX293,TIMIT_enhanced/full/TEST/DR3/MJVW0/SX293.WAV,h# p l iy z tcl t ey kcl t ix z dcl d er dx iy tcl t ey bcl el kcl k l ao th tcl t ax dh ax kcl k l iy nx axr z f ao m iy h#,we take the dirty tablecloth to the queentance for me,1.0
TRAIN/DR3/MREE0/SX384,TIMIT_enhanced/full/TRAIN/DR3/MREE0/SX384.WAV,h# p l iy z sh ao r tcl en dh ih s kcl k er tcl t f axr dcl jh oy s h#,play short in a skirt for joyce,1.0
TEST/DR2/MDBB0/SX205,TIMIT_enhanced/full/TEST/DR2/MDBB0/SX205.WAV,h# m ih l ih tcl t er iy pcl p er s ax n eh l aa r axr kcl k s pcl p eh kcl t ix dcl t uw ow bcl b ey gcl g ah v axr n m ax n tcl t ao r dcl axr z h#,military person helare expected to obey government orders,1.0
TRAIN/DR4/MMDM0/SI681,TIMIT_enhanced/full/TRAIN/DR4/MMDM0/SI681.WAV,h# w ix dcl s ah tcl ch ix n ae kcl t ix v r ix f y ux zh el bcl b iy y ux s f el h#,with such an act of refusal to be useful,1.0
TEST/DR3/MGJF0/SI641,TIMIT_enhanced/full/TEST/DR3/MGJF0/SI641.WAV,h# k l eh v axr l ay tcl s ao ng z epi w axr q ow v axr l iy kcl k oy pau t r ae dcl jh ix kcl s ao ng z q ax l ih dx el tcl t ux m eh l ix dcl jh axr m ae dx ix kcl k h#,clever light songs were overly coy tragic songs a little too melodramatic,1.0
TEST/DR3/MTHC0/SA2,TIMIT_enhanced/full/TEST/DR3/MTHC0/SA2.WAV,h# d ow n tcl t ae s kcl k m iy dx ix kcl k eh r iy eh n oy l ix r ae gcl g l ay kcl dh ae tcl h#,don't ask me to carry an orderly rag like that,1.0
TRAIN/DR4/MSRG0/SX321,TIMIT_enhanced/full/TRAIN/DR4/MSRG0/SX321.WAV,h# dh ax gcl g r aw n dcl d hv ao gcl k l ih r l iy s ao ih sh ae dx ow bcl b ax tcl s tcl t ey dx aw q ow n l iy ax m ow m ax n tcl t h#,the ground hog clearly saw his shadow but stayed out only a moment,1.0
TEST/DR6/MRJR0/SI1812,TIMIT_enhanced/full/TEST/DR6/MRJR0/SI1812.WAV,h# iy tcl t er nx ix dx iy ih z epi n ow tcl t ay m pau f ao r ix kcl k r ih m ix n ey sh en tcl s h#,eternity is no time for recriminations,1.0
TRAIN/DR2/MRGS0/SX276,TIMIT_enhanced/full/TRAIN/DR2/MRGS0/SX276.WAV,h# jh aa n z bcl b r ah dh axr r iy pcl p ey nx ix dcl dh ix gcl g axr r aa dcl jh dcl d ao r h#,cahn's brother repainted the garad store,1.0
TEST/DR1/FDAC1/SA1,TIMIT_enhanced/full/TEST/DR1/FDAC1/SA1.WAV,h# sh iy hv ae dcl d y uh dcl d ae kcl k s ux tcl ih n gcl g r iy s iy w aa sh pau w ao dx ah q ao l y ih er h#,she had your dack som in briefy wash water all year,1.0
TEST/DR8/MJTH0/SI1296,TIMIT_enhanced/full/TEST/DR8/MJTH0/SI1296.WAV,h# f er dh axr r iy s er tcl ch epi w iy bcl b ax l iy v w el dcl d ax v eh l ax pcl p ih m pcl p ao r tcl en tcl k ax m er sh el ae pcl p l ix kcl k ey sh ix n z h#,further research we believe will develop important commercial applications,1.0
TEST/DR2/MBJK0/SX365,TIMIT_enhanced/full/TEST/DR2/MBJK0/SX365.WAV,h# dh ax gcl g ah n m eh n kcl k eh pcl t ix z v ih kcl t ih m kcl k ao r nx er dx eh tcl g ah n pcl p oy n tcl f axr th r iy aw axr s h#,the gunman kept his victim cornered at gunpoint for three hours,1.0
TEST/DR1/MWBT0/SI2183,TIMIT_enhanced/full/TEST/DR1/MWBT0/SI2183.WAV,h# b uh kcl k s ah f ah sh epi n uh kcl k s h#,book ap my lo,1.0
TEST/DR5/FMAH0/SA1,TIMIT_enhanced/full/TEST/DR5/FMAH0/SA1.WAV,h# sh iy hv ae dcl jh axr dcl d aa r kcl k s ux dx ix n gcl g r iy s iy w aa sh epi w ao dx axr q ao l y ih axr h#,he had the dark feed and greasy wash water all a year,1.0
TRAIN/DR3/FSJS0/SX91,TIMIT_enhanced/full/TRAIN/DR3/FSJS0/SX91.WAV,h# dh ax m ih s pcl p r ih n tcl p ax v ow kcl k tcl t q ix n ih n m iy dx iy ix tcl d ix s kcl k l ey m er h#,the mispent provoked an immediate disclaimer,1.0
TEST/DR5/FJSA0/SX119,TIMIT_enhanced/full/TEST/DR5/FJSA0/SX119.WAV,h# dh ix m ih s kcl k w ow q w ah z r iy tcl t r ae kcl t ix dcl d w ih th ix nx ah pcl p aa l ah dcl jh iy h#,the miss quoate was retracted with an apology,1.0
TRAIN/DR4/MBMA0/SA1,TIMIT_enhanced/full/TRAIN/DR4/MBMA0/SA1.WAV,h# sh iy hv ae dcl jh y axr dcl d aa r kcl s ux tcl q ix n gcl g r iy z iy w ao sh w ao dx axr pau q ao l y ih er h#,she had your dark suit and dreazy watch woman all year,1.0
TEST/DR3/MGLB0/SA2,TIMIT_enhanced/full/TEST/DR3/MGLB0/SA2.WAV,h# d ow nx ae s kcl m ix dx ix kcl k eh r iy ix nx oy l ix r ae gcl g l ay kcl dh ae tcl h#,don't ask me to carry oil the grag lak bac,1.0
TRAIN/DR3/FNTB0/SI679,TIMIT_enhanced/full/TRAIN/DR3/FNTB0/SI679.WAV,h# hh iy ih z epi n aa tcl t ao kcl k ix ng ih n dh ax m ey n q ax bcl b aw pcl p r aa bcl b ax bcl b ih l ix dx iy z pau r ih s kcl k s q ih n dcl d ey n dcl jh axr q ix n dcl jh eh n axr el h#,he is not talking in the main about probabilities risks in danger in general,1.0
TEST/DR6/MRJR0/SX12,TIMIT_enhanced/full/TEST/DR6/MRJR0/SX12.WAV,h# w ih l r aa bcl b ix n w eh axr q ey y eh l ow l ih l iy h#,will robin wear a yellow lily,1.0
TEST/DR3/MJBR0/SX11,TIMIT_enhanced/full/TEST/DR3/MJBR0/SX11.WAV,h# hh iy w ax l ax l aw axr r eh r l ay h#,he will allow a rare lie,1.0
TRAIN/DR3/MRJB1/SI1020,TIMIT_enhanced/full/TRAIN/DR3/MRJB1/SI1020.WAV,h# dh ax kcl k aw bcl b oy kcl k ao l dcl dh ih s bcl b r iy dx ix v kcl k ae dx el m ae gcl p ay epi s h#,the cowboy called this breed of cattle magpies,1.0
TEST/DR7/FDHC0/SA1,TIMIT_enhanced/full/TEST/DR7/FDHC0/SA1.WAV,h# sh iy hv ae dcl jh ux dcl d aa r kcl k s ux tcl t ih n gcl g r iy s iy w aa sh epi w aa dx er ao l y ih axr h#,she had your dark suit and greasy wash witer all year,1.0
TEST/DR7/MGRT0/SI820,TIMIT_enhanced/full/TEST/DR7/MGRT0/SI820.WAV,h# b ay dh ae tcl t pau w ah n f iy l z ae q pau m ae gcl n eh dx ih kcl f ao r s ax z pau q aa axr z dcl jh eh n r el q ae z ih l eh kcl t axr kcl k el f ao r s ix s h#,by that one feels that magnetic forces are as general as electrical forces,1.0
TRAIN/DR4/MCSS0/SI688,TIMIT_enhanced/full/TRAIN/DR4/MCSS0/SI688.WAV,h# dh ix dcl d eh dcl s pcl p ih r ih tcl s aa kcl k y ux pcl p ay dx ax pcl p r aa m n ih n tcl p l ey s ix n q eh v r iy hv ow pcl p ah n ix n eh v r iy f ih axr h#,the dead spirits occupied a perominent place in every hope and in every fear,1.0
TEST/DR4/FDMS0/SA2,TIMIT_enhanced/full/TEST/DR4/FDMS0/SA2.WAV,h# d ow n ae s kcl m iy dx ix kcl k eh r iy ix n q oy l ih r ae gcl g l ay kcl k th ae tcl t h#,don't ask me to carry an ordey rand lakman,1.0
TRAIN/DR4/FKLC0/SI2245,TIMIT_enhanced/full/TRAIN/DR4/FKLC0/SI2245.WAV,h# hh iy kcl k ih dcl t ey kcl dh iy ih dcl v ay s axr l iy v ih tcl h#,he could take the advice fom mabel,1.0
TEST/DR4/FADG0/SI1279,TIMIT_enhanced/full/TEST/DR4/FADG0/SI1279.WAV,h# b r ih kcl k s q aa r axr n ao l tcl t er nx ix tcl t ih v h#,ricked oring alternative,1.0
TRAIN/DR3/MDBB1/SX16,TIMIT_enhanced/full/TRAIN/DR3/MDBB1/SX16.WAV,h# ah r ow l ax v w ay er l ey n ih r dh ax w ao l h#,an oldo wyr lake here the walk,1.0
TEST/DR8/MPAM0/SI1961,TIMIT_enhanced/full/TEST/DR8/MPAM0/SI1961.WAV,h# q ax s eh kcl k ix n dcl t w ih tcl ch tcl t hh ix sh er tcl s l iy v pau ix n iy f eh l tcl t ax bcl b r iy f bcl b er nx ax n ax z ah pcl p er aa r m h#,a second twitched his shirt sleaf and he felt a brief firm on his upper arm,1.0
TEST/DR8/MDAW1/SX193,TIMIT_enhanced/full/TEST/DR8/MDAW1/SX193.WAV,h# w ay bcl b ay q oy l q w ix n y uw ao l w ix z y ux z epi m ay n h#,why by boiled when he calld the hus burn,1.0
TEST/DR5/MKLT0/SX223,TIMIT_enhanced/full/TEST/DR5/MKLT0/SX223.WAV,h# p uh tcl dh ax bcl b uh tcl ch axr bcl b l aa kcl t ey bcl b el ix n dh ix gcl g axr r aa dcl jh h#,put the butcher block table in the garrad,1.0
TEST/DR1/MRJO0/SX374,TIMIT_enhanced/full/TEST/DR1/MRJO0/SX374.WAV,h# jh aa n kcl k l iy n sh eh l f ix sh f ao ey l ix v iy ng h#,john c you shelter for a living,1.0
TRAIN/DR3/MJKR0/SX121,TIMIT_enhanced/full/TRAIN/DR3/MJKR0/SX121.WAV,h# t r eh s pcl p ae s ix ng ih z f axr bcl b ih dcl en ae n s ah bcl jh ix kcl k tcl t ix pcl p eh n el tcl t ix h#,trespassing is forbidden in subject to penalty,1.0
TEST/DR6/MJDH0/SX184,TIMIT_enhanced/full/TEST/DR6/MJDH0/SX184.WAV,h# dh ix kcl k ae tcl s epi m iy aw oy z hh er tcl s epi m ay ih axr z h#,te catmiaw l for twaners,1.0
TEST/DR3/MRTK0/SA2,TIMIT_enhanced/full/TEST/DR3/MRTK0/SA2.WAV,h# d ow nx ae s kcl m iy dx ix kcl k er r iy ix n oy l iy r ae gcl g l ay kcl dh ae tcl h#,don't ask me to carry warthy rag like that,1.0
TEST/DR5/FUTB0/SI1330,TIMIT_enhanced/full/TEST/DR5/FUTB0/SI1330.WAV,h# dh ax l ow ah pcl p ow sh ix n pcl p axr v ay dcl z ey r ey dx ix ng q ae tcl t eh n iy s tcl t ey dcl jh bcl b ix tcl t w iy n q ih n f en tcl t s iy q ae n dcl pau ax dcl d aw tcl t hv uh dcl d h#,the lower potion provides errating at any stage between infancy and adoutwood,1.0
TRAIN/DR4/MRAB1/SA2,TIMIT_enhanced/full/TRAIN/DR4/MRAB1/SA2.WAV,h# d ow nx ae s kcl m iy dx ih kcl k eh r iy ix n oy l iy r ae gcl g l ay kcl dh ae tcl h#,don't ask mento carry and moiling rag like that,1.0
TEST/DR7/MGRT0/SI1450,TIMIT_enhanced/full/TEST/DR7/MGRT0/SI1450.WAV,h# m iy tcl t s pau dh axr r ey dx iy ey sh en pcl p r aa s eh s ix ng q ah v m iy tcl t hh eh z r iy s iy v dcl d ix kcl k s tcl t eh n s ix v q ih n v eh s tcl t ix gcl g ey sh ix n h#,meat the radiation processing of meat has received extensive investigation,1.0
TEST/DR5/MRPP0/SA1,TIMIT_enhanced/full/TEST/DR5/MRPP0/SA1.WAV,h# sh iy hh ae dcl d y axr dcl d aa r kcl k s ux tcl t ih ng gcl g r iy s iy w ao sh epi w ao dx er q ao l y ih axr h#,she had your dark suit in breasy washwater on yeur,1.0
TRAIN/DR4/FEEH0/SX212,TIMIT_enhanced/full/TRAIN/DR4/FEEH0/SX212.WAV,h# ay gcl g ey v dh eh m s eh v r el tcl ch oy s ix z q ax n l eh tcl dh eh m s eh tcl dh ax pcl p r ay ao r axr dx iy z h#,i gave them several toythin and letthem cet up theladin,1.0
TEST/DR2/FSLB1/SA1,TIMIT_enhanced/full/TEST/DR2/FSLB1/SA1.WAV,h# sh iy hv ae dcl d y axr dcl d aa r kcl k s ux ix tcl t q ix n gcl g r iy s iy w aa sh epi w ao dx axr q ao l y ih axr h#,she med yeur dark foot an griffy wash water all year,1.0
TRAIN/DR3/MJDA0/SX221,TIMIT_enhanced/full/TRAIN/DR3/MJDA0/SX221.WAV,h# k ao r iy ix tcl t ae kcl th ax-h pcl p r aa dcl jh eh kcl t w ax dh eh kcl sh axr dcl d iy tcl t er m ix n ey sh en h#,corry attacked the project of extra determination,1.0
TEST/DR3/MHPG0/SX190,TIMIT_enhanced/full/TEST/DR3/MHPG0/SX190.WAV,h# s er v dh ax kcl k ow l s l ao pau ae f tcl t axr ay ae dcl dh iy q oy l h#,served the coal slaw after i add the oil,1.0
TEST/DR4/FLBW0/SA1,TIMIT_enhanced/full/TEST/DR4/FLBW0/SA1.WAV,h# sh iy hv ae dcl d y axr dcl d aa r kcl s ux tcl t ih n gcl g r iy z iy w ao sh epi w ao dx axr q ao l y ih axr h#,she had your dark foot an gravy washwater all year,1.0
TEST/DR2/MRGG0/SX119,TIMIT_enhanced/full/TEST/DR2/MRGG0/SX119.WAV,h# dh ax m ih s kcl k w ow tcl t w ax z r ix tcl t r ae kcl t ih dcl d w ih th ax n ax pcl p aa l ax dcl jh iy h#,the misquot was retracted with an apology,1.0
TRAIN/DR2/MJDE0/SI463,TIMIT_enhanced/full/TRAIN/DR2/MJDE0/SI463.WAV,h# dh iy hv ow tcl t eh l ow nx er sh r ah gcl g dcl d h#,the hotel eshrugged,1.0
TRAIN/DR2/MRJT0/SX148,TIMIT_enhanced/full/TRAIN/DR2/MRJT0/SX148.WAV,h# m ow s tcl p r iy s ih ng kcl k s hh eh dx ax th er dx ix v dh ax v ow tcl t s kcl k aw nx ix dcl h#,ost prasinc had a third of the votskon,1.0
TRAIN/DR4/MPEB0/SX330,TIMIT_enhanced/full/TRAIN/DR4/MPEB0/SX330.WAV,h# k aw n tcl dh ax n ah m b er ix v tcl t iy s pcl p ux n z ax v s oy s ao s dh eh q y uw ae dcl d h#,count the number of teaspoons of sully sauce that you had,1.0
TEST/DR2/MRGG0/SX29,TIMIT_enhanced/full/TEST/DR2/MRGG0/SX29.WAV,h# hh eh l pcl p gcl g r eh gcl t ax-h pcl p ih kcl k ax pcl p eh kcl k ax v pcl p ix tcl t ey dx ow s h#,help gregg to pick a peck up potatoes,1.0
TEST/DR4/MPLB0/SA2,TIMIT_enhanced/full/TEST/DR4/MPLB0/SA2.WAV,h# d ow n tcl ae s kcl m iy tcl t ux kcl k eh r iy ih n q oy l iy r ae gcl g l ay kcl k dh ae tcl h#,don't ask me to curing em on te rac like thar,1.0
TEST/DR5/MRPP0/SA2,TIMIT_enhanced/full/TEST/DR5/MRPP0/SA2.WAV,h# d ow n tcl ae s epi m iy tcl t ax kcl k eh r iy ax n ao l iy r ae gcl g l ay kcl dh ae tcl h#,don't ask me to carry an aldy rag like them,1.0
TRAIN/DR4/MJLB0/SI986,TIMIT_enhanced/full/TRAIN/DR4/MJLB0/SI986.WAV,h# q ae m pcl b ay tcl s w axr q iy z bcl b aa pcl p l ay ng l ix kcl k w ax dcl b l uw ix ng h#,aunt bites were ease by porting wiquitd bloing,1.0
TEST/DR5/FAWF0/SX10,TIMIT_enhanced/full/TEST/DR5/FAWF0/SX10.WAV,h# aa r y er gcl g r ey dcl s hv ay axr q ao r l ow axr dh ix n ae n tcl t s iy s h#,on your great high of lown me,1.0
TRAIN/DR4/MNET0/SX186,TIMIT_enhanced/full/TRAIN/DR4/MNET0/SX186.WAV,h# w uh dx ax tcl t aa m bcl b oy ao f tcl t ax n pcl p l ey aw tcl d ao axr z h#,wen  tom boy off ten play out doers,1.0
TRAIN/DR4/MRGM0/SI1162,TIMIT_enhanced/full/TRAIN/DR4/MRGM0/SI1162.WAV,h# t ux th iy ng z kcl k ix n tcl t r ih bcl b ux tcl t ux hv ih z pcl p aa pcl p y ix l eh r ix tcl t iy h#,do things contribute to his popularity,1.0
TRAIN/DR4/MLJC0/SX415,TIMIT_enhanced/full/TRAIN/DR4/MLJC0/SX415.WAV,h# m ux v dh ix gcl g aa r bcl b ix dcl jh epi n ih r axr tcl t ix dh ax l aa r dcl jh w ih n dcl d ow h#,moved the garbent nearer to the large mangle,1.0
TEST/DR6/MCMJ0/SI602,TIMIT_enhanced/full/TEST/DR6/MCMJ0/SI602.WAV,h# b ix tcl dh ix sh ih pcl p s axr v er ix s l ow n aw pau eh n w iy dcl d ow n tcl g eh tcl s ow m eh nx iy s ey l axr z ix nx ix m ao r h#,but the sips ar berry tlown out and we donted it and the failer thin more,1.0
TRAIN/DR4/MJJJ0/SX263,TIMIT_enhanced/full/TRAIN/DR4/MJJJ0/SX263.WAV,h# hh aw q oy l iy dcl d ux y ux l ay kcl k y axr s aa l ax dcl d r eh s iy ng h#,how oily do you like your sellad dressing,1.0
TEST/DR3/MKCH0/SX298,TIMIT_enhanced/full/TEST/DR3/MKCH0/SX298.WAV,h# ay dx r eh dh ix n aa tcl b ay dh iy sh ux z dh ix n bcl b iy ow v axr tcl ch aa r dcl jh dcl d h#,i'd rather not by these shoes than be overcharged,1.0
TEST/DR3/MMJR0/SX388,TIMIT_enhanced/full/TEST/DR3/MMJR0/SX388.WAV,h# hh axr r ay tcl hv ae n ey kcl k s pau w ax nx eh v ix dh ix bcl b ae er m eh tcl t r ix kcl k pcl p r eh sh axr tcl ch ey n dcl jh ix z h#,her right handaches whenever the barometric pressure changes,1.0
TRAIN/DR4/MTRT0/SX237,TIMIT_enhanced/full/TRAIN/DR4/MTRT0/SX237.WAV,h# dh ix kcl k uw ih axr w ah z ix dcl d ao r f h#,the courier was a dwarf,1.0
TRAIN/DR3/MCDD0/SA2,TIMIT_enhanced/full/TRAIN/DR3/MCDD0/SA2.WAV,h# d ow nx ae s epi m ix tcl t ix kcl k eh r ih ix n oy l ix r ae gcl l ay kcl dh ae tcl h#,don't aft me to cury nor the rag like that,1.0
TRAIN/DR2/MJHI0/SI1328,TIMIT_enhanced/full/TRAIN/DR2/MJHI0/SI1328.WAV,h# ih dx ih z pcl p aa s ax-h bcl el tcl t ix m ey kcl ey pau f y ux dcl jh eh nx axr el ay z ey sh en z ax bcl b aw tcl dh ax s ih kcl k s dcl jh ay ix n tcl s pau dh ix m s eh l v s h#,it is pass ortomaca two generalization about the fixth giant in fero,1.0
TRAIN/DR2/FCAJ0/SX219,TIMIT_enhanced/full/TRAIN/DR2/FCAJ0/SX219.WAV,h# n aa n pcl p r aa f ax dx ao r gcl g ix n ix z ey sh en z hh ae v f r iy kcl k w ix n tcl t f ah n d r ey z axr z h#,non prophet organizations have frequent fund raizors,1.0
TEST/DR2/FCMR0/SI1735,TIMIT_enhanced/full/TEST/DR2/FCMR0/SI1735.WAV,h# eh n dcl p ax z eh s tcl t hh ix m s eh l f pau hh aw h#,and cotested himself how,1.0
TEST/DR4/MJRF0/SI2081,TIMIT_enhanced/full/TEST/DR4/MJRF0/SI2081.WAV,h# ao l dh ax hv w aa l sh iy s eh tcl dh eh axr hv axr s ih n y ux w iy q aa r m s epi w axr l dcl b ax f ao r hh axr tcl ch eh s tcl t h#,all the bol she sat there  her singuly arms were on the fore of her chist,1.0
TEST/DR2/FCMR0/SX295,TIMIT_enhanced/full/TEST/DR2/FCMR0/SX295.WAV,h# q ix f kcl k eh r el kcl k ah m z tcl t ax-h m aa r ow pau hh ae v er axr r ey n jh f er m iy dx ix ng ix tcl t ux h#,if carroll comes to morrow ever are intermening to,1.0
TEST/DR6/MRJS0/SA2,TIMIT_enhanced/full/TEST/DR6/MRJS0/SA2.WAV,h# d ow nx ae s kcl m ix dx ix kcl k ae r iy ix n q oy l iy r ae gcl g l ay kcl dh ae tcl h#,don' oltt me carrying and hoiling byegg like nat,1.0
TRAIN/DR3/MRJB1/SA1,TIMIT_enhanced/full/TRAIN/DR3/MRJB1/SA1.WAV,h# sh iy hv eh dcl jh axr dcl d aa r kcl k s ux tcl q ix n gcl g r ux s iy w ao sh epi w ao dx axr q ao l y ih axr h#,she had your dark suit and greasy wash water all year,1.0
TEST/DR3/MTHC0/SI1015,TIMIT_enhanced/full/TEST/DR3/MTHC0/SI1015.WAV,h# hh ey eh n dcl p ae sh axr aa r dh iy ah dh axr tcl ch iy s ao r s ax-h z ax v l ay v s tcl t ao kcl k f iy dcl d h#,hay and pasture are the other chief sources of live stock feed,1.0
TEST/DR2/MWVW0/SX396,TIMIT_enhanced/full/TEST/DR2/MWVW0/SX396.WAV,h# dh ix f ih sh bcl b iy gcl g ae n tcl t l iy pcl f r ae n tcl t ix kcl k l iy q ax n dh ax s er f ix s ax v dh ax s epi m ao l ey kcl k h#,the fish began to leap frantically on the surface of the small lake,1.0
TEST/DR6/MRJS0/SX274,TIMIT_enhanced/full/TEST/DR6/MRJS0/SX274.WAV,h# k l ih f w ah s ux dh b ay dx ix l ix kcl k zh er iy ix s epi m ax z aa z h#,ut but to bitle experience and thots,1.0
TRAIN/DR3/MSFV0/SI1892,TIMIT_enhanced/full/TRAIN/DR3/MSFV0/SI1892.WAV,h# y ux kcl k uh dcl b er n dcl d aw n dh ax s hh ow l m aw n tcl en s ay dcl w ax dh ax f ay axr dh ae tcl t s ay z h#,you could burn down this whole mountain side with a fire that for,1.0
TEST/DR8/MPAM0/SX109,TIMIT_enhanced/full/TEST/DR8/MPAM0/SX109.WAV,h# sh iy s l ih pcl t en s pcl p r ey n d er ae ng kcl k el ao n ax s tcl t iy pcl s l ow pcl p h#,she slipped and sprained her ankle on the steep slope,1.0
TRAIN/DR3/FDFB0/SX58,TIMIT_enhanced/full/TRAIN/DR3/FDFB0/SX58.WAV,h# w ix q ix kcl s pcl p ih er ix n s dcl d ax-h s tcl t r eh s epi en f r ax s t r ey sh ax n ax bcl t ey n ix eng eh axr dcl d ix gcl g r iy s h#,we experienced te stress and fustration the paining more degrees,1.0
TRAIN/DR4/MJLS0/SX16,TIMIT_enhanced/full/TRAIN/DR4/MJLS0/SX16.WAV,h# ah r ow l ax v w ay er l ey n ih axr dh ax w ao l h#,a roll of wire lay near the wall,1.0
TEST/DR4/FGJD0/SX369,TIMIT_enhanced/full/TEST/DR4/FGJD0/SX369.WAV,h# b aa bcl p ey pcl p er dx ow v ix dh ax l ih v iy n r ux m y ux r ax l z h#,a tak e gover the it e  ml,1.0
TEST/DR5/MCMB0/SI638,TIMIT_enhanced/full/TEST/DR5/MCMB0/SI638.WAV,h# dh ih s th ih r iy ix v ih n tcl ch ax l iy pcl p r ux v dcl t ax-h q ix nx ix gcl g z ae kcl t h#,this theory eventually proved exact,1.0
TRAIN/DR2/MTAT1/SX329,TIMIT_enhanced/full/TRAIN/DR2/MTAT1/SX329.WAV,h# ch ih pcl p ow s pcl p ow n dcl d q ae l ax m ow n iy pcl p ey m ix n tcl t s q ix n tcl t ix l dh ax l ey dx ih s pcl p aa s bcl b el dcl d ey tcl h#,cippostpone alvony pament until the latest possible day,1.0
TEST/DR3/MCTW0/SI1373,TIMIT_enhanced/full/TEST/DR3/MCTW0/SI1373.WAV,h# iy tcl ch f ao r m r eh pcl p r ix z eh nx ix dcl b ay dh ix dcl d ih kcl k sh epi en eh r iy ix z l uh kcl t ah pcl p ax n dh ix tcl t eh kcl k s tcl t f ao r m l ih s tcl t h#,beach form represented by the dictionaries looked up at the text formalist,1.0
TEST/DR5/MFGK0/SX34,TIMIT_enhanced/full/TEST/DR5/MFGK0/SX34.WAV,h# dcl d ow n tcl d ux tcl ch aa l iy z dcl d er dx iy dcl d ih sh ix z h#,dumky cholley's thirty dises,1.0
TRAIN/DR3/MWDK0/SI2017,TIMIT_enhanced/full/TRAIN/DR3/MWDK0/SI2017.WAV,h# l eh tcl t s hh ow pcl p w ix kcl k ah m tcl t uw ix s ey f axr pcl p l ey s h#,let's hope we come to a safer place,1.0
TRAIN/DR3/MDJM0/SI2085,TIMIT_enhanced/full/TRAIN/DR3/MDJM0/SI2085.WAV,h# sh ux w ax s ow bcl b y ux dx ix f el pau s ow v ae l iy ix tcl t pau s ow pcl p ih dx iy ax bcl b el h#,she was so beautiful so valiant soe pitiable,1.0
TEST/DR7/FDHC0/SI2189,TIMIT_enhanced/full/TEST/DR7/FDHC0/SI2189.WAV,h# y ux s ao dh ah m ao w iy z tcl t ix gcl g eh dh axr dcl dh ow z y ih axr z h#,you saw them always together those years,1.0
TEST/DR2/FJWB0/SX5,TIMIT_enhanced/full/TEST/DR2/FJWB0/SX5.WAV,h# sh iy ih z th ih n axr dh ix n ay ae m h#,heis thinner than i am,1.0
TRAIN/DR3/FALK0/SX6,TIMIT_enhanced/full/TRAIN/DR3/FALK0/SX6.WAV,h# b r ay tcl s ah n sh ay n sh ih m er z ao n dh iy y ow sh en h#,bright sunshine shimmered on the ocean,1.0
TRAIN/DR4/MARW0/SI646,TIMIT_enhanced/full/TRAIN/DR4/MARW0/SI646.WAV,h# n ay s iy v ix n ih f ax tcl t r aa f uh l gcl g ao dx iy h#,nife leaven e metropoc gardi,1.0
TRAIN/DR3/MJKR0/SX391,TIMIT_enhanced/full/TRAIN/DR3/MJKR0/SX391.WAV,h# dh ey q ao l ay kcl k pau l ao ng hh aa tcl sh aw axr s h#,they all like long cot cowers,1.0
TRAIN/DR2/FLMA0/SX73,TIMIT_enhanced/full/TRAIN/DR2/FLMA0/SX73.WAV,h# k l ih f s dcl d ix s pcl p l ey w ax z m ax-h s pcl p l ey s tcl t ah n ax s kcl k r iy n h#,cliff disply was insplaced on the stream,1.0
TRAIN/DR3/MWGR0/SX166,TIMIT_enhanced/full/TRAIN/DR3/MWGR0/SX166.WAV,h# b ay ae l ix dcl jh ix s y ux z r ey dx iy ow ae kcl t ix v ay s ix tcl t ow pcl s tcl t ix s tcl t ah dx iy m ay kcl k r ow ao r gcl g ix n ix z ix m z h#,biology sees ready efectified the dotes to study micholortinisms,1.0
TRAIN/DR4/MTQC0/SI1441,TIMIT_enhanced/full/TRAIN/DR4/MTQC0/SI1441.WAV,h# q ah dh er pau m ao r f ax l aa dcl jh ix kcl k el pau f ih z ax kcl k ax l pau q ae n aa pcl t ix kcl k el pcl p r aa pcl p axr dcl d iy v ae y ux z pau q aa r ao l s ax gcl g ih v en h#,other more phological physical and optical property values are also given,1.0
TRAIN/DR3/MTKP0/SA2,TIMIT_enhanced/full/TRAIN/DR3/MTKP0/SA2.WAV,h# d ow n ae s kcl m ix dx ix kcl k ih r ih ix n oy l ih r ae gcl g l ay kcl k dh ae tcl h#,don't ask me to carry nity rag like that,1.0
TRAIN/DR4/FCAG0/SI2133,TIMIT_enhanced/full/TRAIN/DR4/FCAG0/SI2133.WAV,h# hh ih r dh eh dx ih dcl n aa tcl n iy dcl t ix bcl b iy eng gcl g eh dx ow z h#,here they did not need to being get in,1.0
TEST/DR1/MWBT0/SX203,TIMIT_enhanced/full/TEST/DR1/MWBT0/SX203.WAV,h# dh ix kcl k ao z epi w ey ih n dcl d ix dcl d ah bcl b r ah pcl p l iy pau q eh tcl dh ax-h sh ao r h#,the caus way ended abruptly at the chore,1.0
TEST/DR1/MRJO0/SA2,TIMIT_enhanced/full/TEST/DR1/MRJO0/SA2.WAV,h# d ow n ae s epi m ix dx ix kcl k eh r ih n q ao l iy r ae gcl l ay kcl dh ae tcl t h#,don't have to be carrying on a rag like that,1.0
TRAIN/DR3/MREE0/SA1,TIMIT_enhanced/full/TRAIN/DR3/MREE0/SA1.WAV,h# sh iy hv eh dcl d y axr dcl d aa r kcl k s ux tcl t q ix n gcl g r iy s iy w ao sh epi w ao dx axr ao l y ih er h#,she had the dark suit an greasy wash bater all year,1.0
TEST/DR7/MERS0/SI497,TIMIT_enhanced/full/TEST/DR7/MERS0/SI497.WAV,h# d ix s pcl p l ey dx ix z l ae m pcl p s pau dh ax pcl p ah pcl p ax-h s dcl d ax l ay tcl dh ax tcl ch ih l dcl d r ix n pau q ae n dcl d aa r dcl d eh kcl k r ih dx ix v ae kcl s eh n tcl h#,displayd of lamps the pubbs delight the children and our beckadeback,1.0
TRAIN/DR3/MCDD0/SX433,TIMIT_enhanced/full/TRAIN/DR3/MCDD0/SX433.WAV,h# dh iy ow v axr w ey tcl ch aa r m axr kcl k ux dcl s l ih pcl p oy z ix n ix n tcl t ix q eh nx iy w ah n z tcl t iy h#,yoov way charmer could slip poison int any ones to yo,1.0
TEST/DR2/MTMR0/SI673,TIMIT_enhanced/full/TEST/DR2/MTMR0/SI673.WAV,h# s ay kcl k ax l aa dcl jh ix kcl k l iy pau dh axr r iy s eh pcl sh ix n sh uh dcl b iy dh ix kcl k l ay m ae kcl k s pau f aa l ax w ix n ix s er m ix n h#,psychologically the reception should be the climax following the sermon,1.0
TEST/DR7/MRMS1/SA1,TIMIT_enhanced/full/TEST/DR7/MRMS1/SA1.WAV,h# sh iy hv ae dcl jh er dcl d aa r kcl k s uw tcl q ix n gcl g r iy s iy w aa sh epi w ao dx er q ao l y ih axr h#,she had your dark suit and greasy washwater all year,1.0
TEST/DR5/MKLT0/SX133,TIMIT_enhanced/full/TEST/DR5/MKLT0/SX133.WAV,h# p iy tcl s axr iy er z axr kcl k en v iy n y ix tcl f ao r kcl k w ih kcl k l ah n tcl ch h#,peter reared the conveyent for quick mont,1.0
TRAIN/DR3/MCAL0/SI1768,TIMIT_enhanced/full/TRAIN/DR3/MCAL0/SI1768.WAV,h# dh ix kcl k l er kcl k s q ay z f l ih kcl k axr dcl d h#,the clerk's eyes flickered,1.0
TRAIN/DR2/MHRM0/SX58,TIMIT_enhanced/full/TRAIN/DR2/MHRM0/SX58.WAV,h# w iy ih kcl k s pcl p er iy ix s dcl d ix s tcl t r eh s en f r ah s tcl t r ey sh epi en ix bcl t ey nx ix ng axr dcl d ix gcl g r iy z h#,we experienced distress and prospiration opanmmerde grin,1.0
TEST/DR4/MROA0/SI677,TIMIT_enhanced/full/TEST/DR4/MROA0/SI677.WAV,h# k em pcl p er ax bcl el tcl t r eh n z kcl k en b iy n ow dx ix dcl d eh l s epi w axr h#,comparable crans can be noted elsewhere,1.0
TRAIN/DR4/MSRG0/SX411,TIMIT_enhanced/full/TRAIN/DR4/MSRG0/SX411.WAV,h# b ah dx axr s kcl k aa tcl ch f ah dcl ch gcl g ow z epi w eh l w ix th v ax n ih l ax q ay s kcl k r iy m h#,butter scotch fodge  gos well with enol ice crane,1.0
TRAIN/DR3/MJJB0/SI1277,TIMIT_enhanced/full/TRAIN/DR3/MJJB0/SI1277.WAV,h# s ow w uh dcl d r ey dx aa r pcl p ih kcl k ix tcl sh ih pcl s h#,so would rait our picket trips,1.0
TEST/DR7/MNLS0/SX43,TIMIT_enhanced/full/TEST/DR7/MNLS0/SX43.WAV,h# q eh l dcl d axr l iy pcl p iy pcl p el aa r ao f ax nx ih kcl k s kcl k l uw dx ix dcl d h#,elderly people are often excluded,1.0
TEST/DR3/MWJG0/SX404,TIMIT_enhanced/full/TEST/DR3/MWJG0/SX404.WAV,h# b aa r bcl b bcl b er n dcl d pcl p ey pcl p axr ix n dcl l iy v z ix n ix bcl b ih gcl b aa n f ay axr h#,barbburned paper and leage in the big bonfire,1.0
TRAIN/DR3/MPRD0/SX441,TIMIT_enhanced/full/TRAIN/DR3/MPRD0/SX441.WAV,h# d ow q l uh kcl k f axr gcl g r uw pcl v ae l y ix bcl b el z ax nx ax bcl b ae ng kcl k v ao l tcl t h#,don't look for group valuables in a bank vault,1.0
TEST/DR5/FASW0/SI920,TIMIT_enhanced/full/TEST/DR5/FASW0/SI920.WAV,h# t ux m ih n iy n ux th ih ng z ah hv ae pcl p ax n iy ng f ao q ih tcl t ux bcl b iy q ey kcl k ax m pcl p l iy tcl t pau ih r aa dx ih kcl pau f uh l f ih l m ax n tcl t h#,too many new thanks are happening for it to be a complete erotic fulfilment,1.0
TEST/DR2/MBJK0/SI2128,TIMIT_enhanced/full/TEST/DR2/MBJK0/SI2128.WAV,h# s ah m ax v dh eh m q ix gcl n ao r dcl dh ax tcl t eh kcl k s tcl t q eh n hv ae dx ax pcl p eh er n q l iy m eh m er ay z dcl dh ax w er dcl d s epi l ao ng ax gcl g ow h#,some of them ignored the text and had apparently memorized the words long ago,1.0
TRAIN/DR4/MESG0/SI702,TIMIT_enhanced/full/TRAIN/DR4/MESG0/SI702.WAV,h# w iy hv eh v aa l s ow s iy n dh ix pcl p aw axr ax f ey th q eh q w er kcl k ax m ah ng ix s h#,we have also seen the power of faith at work among us,1.0
TEST/DR5/MDAC2/SI2259,TIMIT_enhanced/full/TEST/DR5/MDAC2/SI2259.WAV,h# dh ax tcl t ey l hv iy th ao tcl w ax bcl b ax kcl k ah m l eh s gcl g ey h#,the tale he thought would become less gety,1.0
TEST/DR5/FUTB0/SX214,TIMIT_enhanced/full/TEST/DR5/FUTB0/SX214.WAV,h# dh ax m ao n ih ng dcl d ux aa n dcl d ix s pcl p ay dx ax w eh bcl g l ih s ix n tcl t q ix n dh ix s ah n h#,the morning belon the spidal wer pmittet in the tirn,1.0
TEST/DR7/MTWH0/SI1629,TIMIT_enhanced/full/TEST/DR7/MTWH0/SI1629.WAV,h# hh ae v y ux gcl g aa tcl aw axr kcl k iy z hh ae n d iy h#,have you got our keyn handing,1.0
TRAIN/DR3/MJKR0/SX211,TIMIT_enhanced/full/TRAIN/DR3/MJKR0/SX211.WAV,h# ow n l iy dh ix bcl b eh s pcl p l ey er z ix n jh oy pcl p aa pcl p y ax l eh axr dx iy h#,only the best player te joy popularity,1.0
TEST/DR5/MBPM0/SX407,TIMIT_enhanced/full/TEST/DR5/MBPM0/SX407.WAV,h# l ae f dcl d ae n tcl t s en s ih ng ih f ao r tcl ch ix n s epi m ay l z ax pcl p aa n y ux h#,laughed and and thing fortune smiles upon you,1.0
TRAIN/DR3/MFMC0/SX412,TIMIT_enhanced/full/TRAIN/DR3/MFMC0/SX412.WAV,h# g w eh n pcl p l ae n dcl d ih dcl g r iy n bcl b iy n z ix n axr v eh dcl jh tcl t ax bcl b el gcl g aa r dcl en h#,gwen platted grean beans in her vegetable garden,1.0
TRAIN/DR2/FDNC0/SX378,TIMIT_enhanced/full/TRAIN/DR2/FDNC0/SX378.WAV,h# ay dcl jh ah s ao dcl jh ih ax m n ih axr dh ix n uw q aa r kcl k iy ax l aa dcl jh ix kcl k el m y ux z iy ax m h#,i just saw jim near the new archiological museum,1.0
TRAIN/DR2/FMMH0/SX420,TIMIT_enhanced/full/TRAIN/DR2/FMMH0/SX420.WAV,h# s iy m s tcl t r ih s ih z ix tcl t ae tcl ch z ih pcl p er z w ih dh ah th ih m bcl b uh l n iy dx ix l ae n dcl th r eh dcl d h#,us jus as the tap sippers with a thimble needle and thread,1.0
TRAIN/DR4/MSRG0/SI1221,TIMIT_enhanced/full/TRAIN/DR4/MSRG0/SI1221.WAV,h# k ax n s er v axr tcl t ih z ax m ax n tcl t axr dcl d ih sh n el ih z em epi s iy m ix m pcl p l ay dcl b ax w ah dx ix z dcl jh uh s tcl b ih n s eh dcl h#,conservatiesm and traditionalism seem implied by what has just been said,1.0
TRAIN/DR2/MRMS0/SI2057,TIMIT_enhanced/full/TRAIN/DR2/MRMS0/SI2057.WAV,h# hh iy s tcl t r ow l bcl b ae kcl t ax dh ax dcl d ao r pau w ih s epi l ix ng s ao f l iy pau hh ae n s tcl t ih l kcl k l ae s pcl b ax hv ay n dcl d hh ix m h#,he strolled back to the door whistling softly hands still clasped behind him,1.0
TEST/DR5/FASW0/SI2180,TIMIT_enhanced/full/TEST/DR5/FASW0/SI2180.WAV,h# sh iy s pcl p aw tcl t ih dcl d q ah m aw th epi f uh l ax v w ao tcl ah q ih n tcl t uh dh ah q ey axr h#,she spouted a mouthful of water into the air,1.0
TEST/DR4/FDMS0/SA1,TIMIT_enhanced/full/TEST/DR4/FDMS0/SA1.WAV,h# sh iy hv ae dcl jh axr dcl d aa r kcl k s ux dx ih n gcl g r iy z iy w aa sh w ao dx axr q ao l y ih axr h#,she had your dark flood and greevy washworn all you,1.0
TEST/DR8/MDAW1/SI2083,TIMIT_enhanced/full/TEST/DR8/MDAW1/SI2083.WAV,h# q ax bcl b ah v hv ih m pau s l ih dcl dh iy ix v ey s ix v sh ae dx ow q ax v ax s tcl t ao r m kcl k l aw dcl h#,above him slid the abasin shadow on the stone plown,1.0
TEST/DR8/FJSJ0/SA2,TIMIT_enhanced/full/TEST/DR8/FJSJ0/SA2.WAV,h# d ow nx ae s epi m iy dx iy kcl k eh r iy ix n oy l iy r ae gcl g l ay kcl dh ae tcl h#,don't ask me to carry a horthey ran like that,1.0
TRAIN/DR4/MLJH0/SX334,TIMIT_enhanced/full/TRAIN/DR4/MLJH0/SX334.WAV,h# ao f tcl t ih n y ix l gcl g ih tcl b ae kcl m ao r dh eh n y ux pcl p uh dx ih ax n h#,often you'll get back more than you put in,1.0
TRAIN/DR3/MDLC0/SI765,TIMIT_enhanced/full/TRAIN/DR3/MDLC0/SI765.WAV,h# t er n sh ey kcl k er q ah pcl p s ay dcl d aw n h#,tarm fakered uptide down,1.0
TRAIN/DR4/MDMA0/SX80,TIMIT_enhanced/full/TRAIN/DR4/MDMA0/SX80.WAV,h# q ix tcl t s ix l iy gcl g ih l tcl t ax pcl p ow s tcl d ey dx ix tcl ch eh kcl k h#,it's illegal to potate tha check,1.0
TRAIN/DR3/FPAZ0/SI963,TIMIT_enhanced/full/TRAIN/DR3/FPAZ0/SI963.WAV,h# hh aw eh v er pau dh ih s ix n ao gcl g axr el f iy s tcl d ih dx ih tcl s pcl p aa n epi s axr z epi n ow gcl g uh dcl d w ah dx eh v axr h#,however this inaugable feast did its sponsors no good whatever,1.0
TEST/DR1/MSJS1/SA1,TIMIT_enhanced/full/TEST/DR1/MSJS1/SA1.WAV,h# sh ix eh dcl d axr dcl d aa r kcl k s ux q en gcl g r iy z ux w ao sh epi w ah dx axr ao y ix axr h#,she had to dark suit and breese washwater oll your,1.0
TRAIN/DR3/MTKP0/SI454,TIMIT_enhanced/full/TRAIN/DR3/MTKP0/SI454.WAV,h# ix f y ux dcl d ih s sh r oy kcl k aa f ax nx ix s ix n bcl b ae ng kcl k s pau y ix dcl d ux s ah m th ix ng tcl t ux dh iy kcl k aa n ix m iy hv iy s eh dcl h#,if you destroy confidence ind bank yo do something to the academy he saidd,1.0
TEST/DR5/FGMD0/SI1943,TIMIT_enhanced/full/TEST/DR5/FGMD0/SI1943.WAV,h# f ao r dh iy ah n s iy n pau gcl g ow s tcl l ay q r ay f ax-h m ix n q ey m dcl d ix l el dx el hh ay axr dh ix th er dcl t ay m h#,for the unseen cause light lagh ofmin camed a little higher the third time,1.0
TRAIN/DR4/MTAS0/SA1,TIMIT_enhanced/full/TRAIN/DR4/MTAS0/SA1.WAV,h# sh iy ae dcl y axr dcl d aa r kcl k s ux dx ix ng gcl g r iy z iy w aa sh epi w ao dx axr ao l y ih er h#,she had your dark suit and greasy wash water all year,1.0
TRAIN/DR4/FLHD0/SX84,TIMIT_enhanced/full/TRAIN/DR4/FLHD0/SX84.WAV,h# k ow aa pcl p er ey sh en ax l ao ng w ax th ah n dcl d axr s tcl t ae n ix ng ax l iy v iy ey tcl d s pcl p ux ix tcl t h#,co operation along with understanding alleviate dispute,1.0
TEST/DR7/FMML0/SI2300,TIMIT_enhanced/full/TEST/DR7/FMML0/SI2300.WAV,h# m ay m ah dh er w ih z bcl b ix s ay dcl hv axr s eh l f w ix th kcl k y er iy q aa s ix dx iy h#,a mother was defied herself with curiosity,1.0
TRAIN/DR3/MCDC0/SX212,TIMIT_enhanced/full/TRAIN/DR3/MCDC0/SX212.WAV,h# ay gcl g ey v dh eh m s eh v r ah tcl ch oy s ih z ax n l eh tcl dh eh m s eh tcl dh ax pcl p r ay ao axr dx iy z h#,i gave them several choices and let down such a trial oredief,1.0
TEST/DR2/MJAR0/SX8,TIMIT_enhanced/full/TEST/DR2/MJAR0/SX8.WAV,h# w ay y eh l axr w er iy ow v axr s ih l iy ay dx ax m s h#,why yell ere weary over her the adms,1.0
TRAIN/DR2/MJHI0/SI698,TIMIT_enhanced/full/TRAIN/DR2/MJHI0/SI698.WAV,h# dh ix kcl k r ay s ih z l ey dx axr ao n w ix n dcl d eh tcl s iy m ax bcl b aw q tcl t uw q ow v ax w eh l m iy h#,te crisis later on when depth feemed about to overwhelm me,1.0
TEST/DR5/MDRB0/SX184,TIMIT_enhanced/full/TEST/DR5/MDRB0/SX184.WAV,h# dh ax-h kcl k ae s epi m iy aw ao w ey z hh er tcl s epi m ay iy axr s h#,the gasinow always hurts my ears,1.0
TEST/DR5/FAWF0/SI2260,TIMIT_enhanced/full/TEST/DR5/FAWF0/SI2260.WAV,h# hh eh v iy q ih n dcl d ih s tcl t r iy s l ae n tcl t ix dcl t ao r dcl d q ix n ix gcl g z ao s tcl t ax-h bcl b el gcl g ah v ax m ix q kcl k ao f axr z pau ah tcl t r ae kcl t ix dcl d hh ix m h#,heavy industry flanted toward inexhaustible government coffins attracted him,1.0
TRAIN/DR3/MDBB1/SX106,TIMIT_enhanced/full/TRAIN/DR3/MDBB1/SX106.WAV,h# q ah hv y ux dcl jh tcl t ae pcl p ax s tcl t r iy hv ah ng ix n hv axr hv ao l w ey h#,a huge tapestry hung in herhamge,1.0
TEST/DR2/FSLB1/SI1904,TIMIT_enhanced/full/TEST/DR2/FSLB1/SI1904.WAV,h# hh w eh n s ux tcl t ix bcl b l iy l ay tcl t ih dcl d pau hh w ah q w uh dx ih tcl l uh kcl k l ay kcl k h#,en soteply lighted what would it look like,1.0
TRAIN/DR4/MDMA0/SI1238,TIMIT_enhanced/full/TRAIN/DR4/MDMA0/SI1238.WAV,h# hh aw ao n er th dcl d ix y ux m ae nx ix dcl jh ix tcl h#,how on earth do you manage it,1.0
TRAIN/DR2/MHRM0/SI1475,TIMIT_enhanced/full/TRAIN/DR2/MHRM0/SI1475.WAV,h# q ih z hv ih z ae pcl p ix tcl t ay tcl t ix m pcl p r ux v dcl d h#,is his appetite improved,1.0
TRAIN/DR4/MGRP0/SI687,TIMIT_enhanced/full/TRAIN/DR4/MGRP0/SI687.WAV,h# dh iy ae n tcl t ay s l ey v axr iy ix pau m uw v w ax n tcl t uh kcl m eh n iy f ao r m z h#,the antaslavery movement took many forms,1.0
TEST/DR3/MRTK0/SX193,TIMIT_enhanced/full/TEST/DR3/MRTK0/SX193.WAV,h# w ay bcl ay q oy l w ax n y ux q ao w ey z y ux z m ay n h#,by by oil han you alway keese me,1.0
TEST/DR4/MLJB0/SI680,TIMIT_enhanced/full/TEST/DR4/MLJB0/SI680.WAV,h# n ow pcl p el ih dx ix kcl k el q ao r dx axr pau q ao r iy kcl k ix n aa m ix kcl k s ih s tcl t em ix s ow kcl k l er l ix kcl k ax n tcl t r er iy tcl t ix n ey tcl ch axr h#,no political order or economic system is so clearly contrary to nature,1.0
TEST/DR7/MNLS0/SA2,TIMIT_enhanced/full/TEST/DR7/MNLS0/SA2.WAV,h# d ow nx ae s epi m ix dx ix kcl k ih r iy q ix n q oy l iy r ae gcl l ay kcl dh ae tcl h#,don't ask me to carry and co me rag with them,1.0
TRAIN/DR4/MLSH0/SI2047,TIMIT_enhanced/full/TRAIN/DR4/MLSH0/SI2047.WAV,h# s tcl t ey r ay tcl hv ih axr w eh r y ux aa r kcl k ix dcl d hv iy kcl k ao l dcl h#,to day right here where you are kid he called,1.0
TRAIN/DR3/FDFB0/SX238,TIMIT_enhanced/full/TRAIN/DR3/FDFB0/SX238.WAV,h# ax dcl d aa kcl t axr w ix z ix n iy ae m bcl b y el n s epi w ax th ax pcl p ey sh en tcl h#,after livinii month of the plition,1.0
TEST/DR2/MWEW0/SX101,TIMIT_enhanced/full/TEST/DR2/MWEW0/SX101.WAV,h# k ih nx axr gcl g ah r en tcl ch ih l dcl d axr n dcl d eh kcl k axr r ey tcl dh axr kcl k l ae s r ux m z f axr ao l hv aa l ax dcl d ey z h#,in ta garden filled and decorate their clastrots brawd holidays,1.0
TRAIN/DR3/MMSM0/SA1,TIMIT_enhanced/full/TRAIN/DR3/MMSM0/SA1.WAV,h# sh iy hv ae dcl y er dcl d aa r kcl k s ux tcl q en gcl g r iy s iy w ao sh epi w ao dx er q ao l y ih er h#,she had your dark suit and greasy washwater all year,1.0
TRAIN/DR2/MRLJ0/SX250,TIMIT_enhanced/full/TRAIN/DR2/MRLJ0/SX250.WAV,h# dh ax bcl b ao s tcl t en bcl b ae l ey ow v axr kcl k ey m n axr f ah n ix ng sh ao r dx ix tcl ch h#,the boston ballet overcame the forni cheortige,1.0
TRAIN/DR4/MGAG0/SX421,TIMIT_enhanced/full/TRAIN/DR4/MGAG0/SX421.WAV,h# dh ow z hh ux tcl t iy tcl ch v ae y ux z f er s tcl t ax bcl b aa l ix sh tcl ch iy dx ix ng h#,those who keeps fagis first to bos you,1.0
TRAIN/DR2/MHRM0/SI958,TIMIT_enhanced/full/TRAIN/DR2/MHRM0/SI958.WAV,h# w ax nx ix v dh ax m ow s kcl k aa m ax n q ax v kcl k ae m pcl m ae l ax dcl d iy z epi w ax z dcl d ay axr r iy ix h#,one of them was common f carbaladies was terean,1.0
TRAIN/DR4/MJJJ0/SI1163,TIMIT_enhanced/full/TRAIN/DR4/MJJJ0/SI1163.WAV,h# n ow m ao r s tcl t aa r dx el ix ng kcl k aa n tcl t r ae s tcl t uw ax s ih s tcl t ax m q ah v s ah l ax n s ae dx el ay tcl s kcl k ix dcl b iy ix m ae zh ix n dcl d h#,no more startling contrast to a system of sullen satellites could be imagined,1.0
TRAIN/DR4/MLJH0/SA1,TIMIT_enhanced/full/TRAIN/DR4/MLJH0/SA1.WAV,h# sh iy hv eh dcl y axr dcl d aa r kcl s ux tcl t pau ih n gcl g r iy z iy w ao sh epi w ao dx axr q ao l y ih axr h#,she had your dark suit and greasy washwater all year,1.0
TRAIN/DR3/FDJH0/SA1,TIMIT_enhanced/full/TRAIN/DR3/FDJH0/SA1.WAV,h# sh iy hv ae dcl jh axr dcl d aa r kcl k s ux q ix ng gcl g r iy s iy w aa sh epi w aa dx axr q ao l y ih er h#,she had your dark suit in greasy wash water all year,1.0
TEST/DR6/MRJR0/SA1,TIMIT_enhanced/full/TEST/DR6/MRJR0/SA1.WAV,h# sh iy hh ae dcl y er dcl d aa r kcl k s ux tcl q ih n gcl g r iy s iy w aa sh epi w ao dx er q ao l y ih axr h#,she had your dark suit in dreasy wash water all year,1.0
TRAIN/DR3/FLTM0/SX440,TIMIT_enhanced/full/TRAIN/DR3/FLTM0/SX440.WAV,h# dh iy q ae dcl v axr tcl t ay z ix ng epi v er s ix v pcl p l ix m ih th f er ay dx iy s tcl t ao r n eh v r ix tcl ch ey n dcl jh ix s h#,the advertising birth of plemouth variety store never changes,1.0
TRAIN/DR4/MDCD0/SX155,TIMIT_enhanced/full/TRAIN/DR4/MDCD0/SX155.WAV,h# dh ax w ao dx axr kcl k ax n tcl t ey n dcl t ux m ah tcl ch kcl k l ao r iy nx ix n s tcl t ah ng ix z ay z h#,the water contained too much glory i and stung his eyes,1.0
TRAIN/DR3/MDTB0/SA2,TIMIT_enhanced/full/TRAIN/DR3/MDTB0/SA2.WAV,h# d ow n ae s epi m iy dx ix kcl k eh r iy ix n q oy l iy r ae gcl g l ay kcl dh ae tcl t h#,don't ask me to cury an oily rag like that,1.0
TRAIN/DR3/FLJD0/SI886,TIMIT_enhanced/full/TRAIN/DR3/FLJD0/SI886.WAV,h# hh ix s n ae tcl ch tcl ix q ae dx ix tcl s ae v ix n dcl jh ax l iy h#,he snapced atit fated to me,1.0
TEST/DR4/FLKD0/SX19,TIMIT_enhanced/full/TEST/DR4/FLKD0/SX19.WAV,h# q ax l ux m ix nx ix m s ih l v ax w eh axr kcl k ix nx aa f tcl t ix n bcl b iy f l ih m z iy h#,a living fauberwer can often deflon fe,1.0
TEST/DR7/MRPC0/SA2,TIMIT_enhanced/full/TEST/DR7/MRPC0/SA2.WAV,h# d ow n ae s kcl k m iy tcl t ix kcl k eh r iy ix n oy l iy r ae gcl g l ay kcl k th ae tcl h#,don't ask me to carry an iding rag like that,1.0
TRAIN/DR4/MJLB0/SI1616,TIMIT_enhanced/full/TRAIN/DR4/MJLB0/SI1616.WAV,h# hh ix dcl d ih q en f ih gcl g er hv er ix dx ao l pau q ae n ih f iy f aw n d aw tcl q ax w uh m ah n pau q ih dcl b iy bcl b ae q h#,he didn't figre her at all and if he found out the woman i'd be bad,1.0
TEST/DR8/FJSJ0/SI854,TIMIT_enhanced/full/TEST/DR8/FJSJ0/SI854.WAV,h# ix n kcl k er ix dcl jh eh m tcl t ih q eh kcl s axr s ay z dh eh r bcl b eh n ix f ih tcl s h#,encouraging to exercise their benefit,1.0
TEST/DR6/FMGD0/SA2,TIMIT_enhanced/full/TEST/DR6/FMGD0/SA2.WAV,h# d ow nx ae s kcl k m iy dx ix kcl k eh r iy ix n oy l iy r ae gcl g l ay kcl dh ae tcl h#,not asked meto parring a rote rob lop back,1.0
TRAIN/DR4/MCDR0/SI1784,TIMIT_enhanced/full/TRAIN/DR4/MCDR0/SI1784.WAV,h# dh er w ax z ih gcl g r ah n tcl pau k y er ih s l iy q ih nx aa r tcl t ih kcl k ax-h l ix tcl pau l ay kcl dh ae dx ah v ix n q ae nx ax m el ix n pcl p ey n h#,there was a grunt curiously inarticulate like that of an animal in pain,1.0
TEST/DR8/MDAW1/SI823,TIMIT_enhanced/full/TEST/DR8/MDAW1/SI823.WAV,h# dh ix dcl d r ah gcl g ih z q ao l s ow eng kcl k ao r pcl p axr ix dx ix dcl d ix n s ah pcl p l ax m ix n tcl s h#,the drugens also ncorpited in supplements,1.0
TRAIN/DR3/MDTB0/SI1200,TIMIT_enhanced/full/TRAIN/DR3/MDTB0/SI1200.WAV,h# l eh tcl t ih m bcl b iy kcl k ah m aa n ix s tcl t ae n dh ey dcl d ix s kcl k aa r dx ih m h#,let him become honest and they discard him,1.0
TEST/DR2/MMDM2/SX102,TIMIT_enhanced/full/TEST/DR2/MMDM2/SX102.WAV,h# s pcl p eh sh el tcl t ae s kcl k f ao r s ix z r eh s kcl k y ux hv aa s tcl ix dcl jh ix z f em kcl k ih dcl n ae pcl p axr s h#,special task forces rescue hostages from kidnappers,1.0
TEST/DR4/MDLS0/SX368,TIMIT_enhanced/full/TEST/DR4/MDLS0/SX368.WAV,h# l ao r ih z kcl k aa s tcl t ux m n iy dx ix bcl b l ae kcl g l ah v z tcl t ax-h bcl b iy kcl k em pcl p l iy tcl l iy q eh l ix gcl g ix n tcl t h#,lawry's costume needed black gloves to be completely elegant,1.0
TRAIN/DR3/MDWM0/SI916,TIMIT_enhanced/full/TRAIN/DR3/MDWM0/SI916.WAV,h# s ah m ey kcl b y ux dx ax f el tcl ch eh axr z kcl k ae bcl n ih tcl t s tcl ch eh s pau d aa l hv aw z ix z ix tcl t s eh tcl t r ax h#,some make beautiful chairs cabinets chests dow houses et cetera,1.0
TEST/DR4/FRNG0/SA2,TIMIT_enhanced/full/TEST/DR4/FRNG0/SA2.WAV,h# d ow n q ae s m iy dx ix kcl k ih r iy ix n oy l iy r ae gcl g l ay kcl dh ae tcl h#,don't ask me to carry in th orly rag like that,1.0
TEST/DR3/FKMS0/SI1490,TIMIT_enhanced/full/TEST/DR3/FKMS0/SI1490.WAV,h# p hv ae pcl p s ax q w ah z r ay tcl t pau p hv ae pcl p s ix q w ix z dcl jh ah s tcl t h#,perhaps it was right perhaps it was just,1.0
TEST/DR7/MTWH0/SX20,TIMIT_enhanced/full/TEST/DR7/MTWH0/SX20.WAV,h# sh iy w ao r w ao r m f l iy s iy w uh l ah n q ow v axr ao l z h#,she wore warm flaithy worn over all,1.0
TEST/DR5/FHES0/SX299,TIMIT_enhanced/full/TEST/DR5/FHES0/SX299.WAV,h# sh ey v iy ng kcl k r iy m ih z ax pcl p aa pcl p y ix l er q ay dx ix m aa n hv ae l ow w iy n h#,shating creen is a popular item on helmly,1.0
TEST/DR7/FLAS0/SX318,TIMIT_enhanced/full/TEST/DR7/FLAS0/SX318.WAV,h# p l iy z dcl d ih gcl g m ay pcl p ix tcl t ey dx ih z ah pcl b iy f ao r f r ao s tcl t h#,blu dig mipotato thet before frost,1.0
TRAIN/DR3/FSLS0/SI2316,TIMIT_enhanced/full/TRAIN/DR3/FSLS0/SI2316.WAV,h# d ey v iy m ae th y ux s pau q ih tcl s dcl z ix s gcl g ah s tcl t ix ng n ax w ey y axr q aa l iy s q iy dcl d ih ng h#,davy matthew gustin gweggar all in eting,1.0
TEST/DR2/MWVW0/SI2106,TIMIT_enhanced/full/TEST/DR2/MWVW0/SI2106.WAV,h# q aa r kcl k iy s eh l z m ix n q aa r axr nx ax pcl p l ay ix n s ix z q ax n kcl k aa z epi m eh dx ix kcl k s h#,our pin salsmen are in appliances and casmatics,1.0
TRAIN/DR4/MMGC0/SA2,TIMIT_enhanced/full/TRAIN/DR4/MMGC0/SA2.WAV,h# d ow nx ae s kcl m iy dx ix kcl k ih r iy ix n oy l iy r ae gcl l ay kcl dh ae tcl h#,don't ask me to carry in only rag like that,1.0
TEST/DR2/MABW0/SI1230,TIMIT_enhanced/full/TEST/DR2/MABW0/SI1230.WAV,h# p r eh n tcl t s ih z eh n f ae kcl k sh ix n z pau k l ae sh tcl t ix n iy ow pcl p ax n s tcl t r iy dx ix n dcl d ay dx ah n iy ow pcl p ax n tcl s kcl k ae f el dcl d h#,princes and factions clashed in the open street and died on the open scaffold,1.0
TEST/DR3/FCMH0/SX194,TIMIT_enhanced/full/TEST/DR3/FCMH0/SX194.WAV,h# dh ey q ih n dcl jh oy ix q w ih nx ay ao dcl d ih sh ix n h#,they enjoy it i auditon,1.0
TRAIN/DR3/MDLC0/SX135,TIMIT_enhanced/full/TRAIN/DR3/MDLC0/SX135.WAV,h# t eh kcl n ix kcl k el r ay dx er z kcl k ix nx ax bcl b r iy v iy ey tcl ix n bcl b ih bcl b l iy aa gcl f r iy s h#,technical ratums can abbreviate in tigliocraphy,1.0
TRAIN/DR3/MCDD0/SX163,TIMIT_enhanced/full/TRAIN/DR3/MCDD0/SX163.WAV,h# dh eh r ih m ey n dcl d ax l ay f l ao ng f r eh n z ix n kcl k ax m pcl p ae n y ix n z h#,they remained life long friends an companions,1.0
TRAIN/DR4/FBMJ0/SI815,TIMIT_enhanced/full/TRAIN/DR4/FBMJ0/SI815.WAV,h# p uh sh pau bcl b ae kcl k ah pcl p q ix n r ix pcl p iy tcl t h#,push back up in refeat,1.0
TRAIN/DR4/MMBS0/SX71,TIMIT_enhanced/full/TRAIN/DR4/MMBS0/SX71.WAV,h# p ao r kcl k y ux pcl p ay n z r iy z eh m bcl b el s iy q er tcl ch ix n epi z h#,orcupied with the athe or t,1.0
TRAIN/DR4/MTQC0/SX271,TIMIT_enhanced/full/TRAIN/DR4/MTQC0/SX271.WAV,h# b iy kcl k eh r f uh n aa tcl t ix pcl p l aw ow v dh ax f l aw axr bcl b eh dcl z h#,be careful not to plowh the flower beds,1.0
TEST/DR4/MPLB0/SA1,TIMIT_enhanced/full/TEST/DR4/MPLB0/SA1.WAV,h# sh iy hv ae dcl jh axr dcl d aa r kcl k s ux tcl ix n g r iy z iy w aa sh epi w ao dx axr pau ao l y ih axr h#,she had your dark suit in grazy wash water all year,1.0
TEST/DR2/MMDM2/SA1,TIMIT_enhanced/full/TEST/DR2/MMDM2/SA1.WAV,h# sh iy hv ae dcl y axr dcl d aa r kcl k s uw q ix n gcl g r iy s iy w aa sh epi w ao dx axr ao l y ih axr h#,she had your dark suit and greasy washwater all you,1.0
TRAIN/DR4/MJDC0/SX81,TIMIT_enhanced/full/TRAIN/DR4/MJDC0/SX81.WAV,h# ix s ih m pcl p aa s bcl b el ax dcl d iy l w ax bcl y axr aa kcl k axr s iy h#,it's impossible i deel of geocracy,1.0
TEST/DR3/FKMS0/SX230,TIMIT_enhanced/full/TEST/DR3/FKMS0/SX230.WAV,h# q ax l aw l iy w ey hv ih er pau b ah tcl r ae sh epi n ax l ay z pau ao l q eh er z h#,a mile weway here at riton line all erran,1.0
TEST/DR6/MJFC0/SI1033,TIMIT_enhanced/full/TEST/DR6/MJFC0/SI1033.WAV,h# q ix f dcl d aa r kcl k ey m dh ey w uh dcl d l ux z hh axr h#,if dart taim they would loose,1.0
TEST/DR5/FHEW0/SI690,TIMIT_enhanced/full/TEST/DR5/FHEW0/SI690.WAV,h# p axr pcl p r ay axr dx iy w ah s ax n aa nx ax m ix s epi w ix th r ih tcl ch w el ah bcl z er v ax n tcl s epi dh ax m aa r kcl k q ah v ix tcl t r ux dcl jh eh nx el m ax n h#,poparty was fhenonemou with rical at norven the mark of the tre gen,1.0
TRAIN/DR4/MLJH0/SA2,TIMIT_enhanced/full/TRAIN/DR4/MLJH0/SA2.WAV,h# d ow n tcl t pau q ae s kcl k m iy tcl t ix kcl k ih r iy pau q ax n q ao l iy r ae gcl g l ay kcl dh ae tcl t h#,don't ask me to peering an oning rag lide that,1.0
TEST/DR7/MDVC0/SX216,TIMIT_enhanced/full/TEST/DR7/MDVC0/SX216.WAV,h# dh ax s epi m ao l bcl b oy pcl p uh tcl dh ax w er m aa n dh ax hh uh kcl k h#,the small boy put the worm on the hook,1.0
TRAIN/DR4/FPAF0/SI1684,TIMIT_enhanced/full/TRAIN/DR4/FPAF0/SI1684.WAV,h# sh iy ae s kcl w ax th axr r eh pcl p axr tcl t ao r ix el gcl g l iy m ix nx axr ay h#,she asked with the repertorial gleam in her eye,1.0
TRAIN/DR3/FLAC0/SX451,TIMIT_enhanced/full/TRAIN/DR3/FLAC0/SX451.WAV,h# dh ah th ih kcl k eh l m f ao r s tcl t w ax z epi n ih axr l iy ow f axr w eh l m dcl d bcl b ay dcl d ah tcl ch eh l m dcl d ix z iy z h#,the the ount forest was nearly overrumped by that yawn disise,1.0
TRAIN/DR3/MJJB0/SI1769,TIMIT_enhanced/full/TRAIN/DR3/MJJB0/SI1769.WAV,h# s ax-h pcl p ow zh ux tcl t eh l m iy dh ax r ih l r iy z en hh iy dcl d r ao l dcl h#,suppose you tell me the real reason he drawled,1.0
TRAIN/DR3/MTPG0/SI753,TIMIT_enhanced/full/TRAIN/DR3/MTPG0/SI753.WAV,h# m ey kcl k ey pcl p ey s tcl t ax v bcl b r aw n sh uh gcl axr ix n m ah s tcl t axr dx ix n s pcl p r eh dx l ay l ih ow v axr s kcl k ao r dcl s er f ax-h s h#,make you pake the plown cagran muzzard and spread lightly over scoon son,1.0
TEST/DR6/MJFC0/SA1,TIMIT_enhanced/full/TEST/DR6/MJFC0/SA1.WAV,h# sh iy hv ae dcl y axr dcl d aa r kcl k s ux tcl q ix ng gcl g r iy s ix w aa sh epi w ao r dx axr ao l y ih axr h#,she had your dark suit and greasy washwater all year,1.0
TRAIN/DR4/MMGC0/SI2184,TIMIT_enhanced/full/TRAIN/DR4/MMGC0/SI2184.WAV,h# iy dh ix dh ae tcl pau ao r axr v eh tcl t axr n eh r iy ix n h#,in that or a betrimarian,1.0
TRAIN/DR4/FDKN0/SX361,TIMIT_enhanced/full/TRAIN/DR4/FDKN0/SX361.WAV,h# dh ih s pcl p iy tcl ch s ix m pcl p ow z iy ix m ay tcl b ix gcl g ih n m ah n dcl d ey h#,tha tint and perthy might begain monda,1.0
TEST/DR5/FMAH0/SX209,TIMIT_enhanced/full/TEST/DR5/FMAH0/SX209.WAV,h# m ay kcl k el kcl k ah l axr dcl dh ix bcl b eh dcl d r ux m w ao l w ax th kcl k r ey aa n z h#,michael coloured the bedroom fall of cred,1.0
